archivo,ruta_limpia,elemento,etiqueta_real,prediccion,probabilidad_fisura,error
025-44.jpg,/workspace/SDNET2018_LIMPIO/P/UP/025-44.jpg,P,0,1,0.9185928106307983,name 'cantidad' is not defined
7080-176.jpg,/workspace/SDNET2018_LIMPIO/W/UW/7080-176.jpg,W,0,1,0.7072395086288452,name 'cantidad' is not defined
7026-81.jpg,/workspace/SDNET2018_LIMPIO/D/UD/7026-81.jpg,D,0,1,0.577667772769928,name 'cantidad' is not defined
032-29.jpg,/workspace/SDNET2018_LIMPIO/P/UP/032-29.jpg,P,0,1,0.6883831024169922,name 'cantidad' is not defined
054-85.jpg,/workspace/SDNET2018_LIMPIO/P/CP/054-85.jpg,P,1,1,0.9603563547134399,name 'cantidad' is not defined
7049-75.jpg,/workspace/SDNET2018_LIMPIO/D/CD/7049-75.jpg,D,1,1,0.8370308876037598,name 'cantidad' is not defined
085-84.jpg,/workspace/SDNET2018_LIMPIO/P/UP/085-84.jpg,P,0,1,0.511281430721283,name 'cantidad' is not defined
002-126.jpg,/workspace/SDNET2018_LIMPIO/P/CP/002-126.jpg,P,1,1,0.8079245686531067,name 'cantidad' is not defined
7080-83.jpg,/workspace/SDNET2018_LIMPIO/W/UW/7080-83.jpg,W,0,1,0.7012074589729309,name 'cantidad' is not defined
7080-244.jpg,/workspace/SDNET2018_LIMPIO/W/CW/7080-244.jpg,W,1,1,0.9997993111610413,name 'cantidad' is not defined
014-102.jpg,/workspace/SDNET2018_LIMPIO/P/CP/014-102.jpg,P,1,1,0.6267884373664856,name 'cantidad' is not defined
076-196.jpg,/workspace/SDNET2018_LIMPIO/P/CP/076-196.jpg,P,1,1,0.9496831297874451,name 'cantidad' is not defined
7104-48.jpg,/workspace/SDNET2018_LIMPIO/W/UW/7104-48.jpg,W,0,1,0.5409625172615051,name 'cantidad' is not defined
7092-66.jpg,/workspace/SDNET2018_LIMPIO/W/CW/7092-66.jpg,W,1,1,0.6893813610076904,name 'cantidad' is not defined
100-141.jpg,/workspace/SDNET2018_LIMPIO/P/CP/100-141.jpg,P,1,1,0.9928212761878967,name 'cantidad' is not defined
7044-71.jpg,/workspace/SDNET2018_LIMPIO/D/UD/7044-71.jpg,D,0,1,0.519342839717865,name 'cantidad' is not defined
7022-79.jpg,/workspace/SDNET2018_LIMPIO/D/UD/7022-79.jpg,D,0,1,0.5899382829666138,name 'cantidad' is not defined
7089-67.jpg,/workspace/SDNET2018_LIMPIO/W/UW/7089-67.jpg,W,0,1,0.7372936010360718,name 'cantidad' is not defined
031-12.jpg,/workspace/SDNET2018_LIMPIO/P/UP/031-12.jpg,P,0,1,0.5088791251182556,name 'cantidad' is not defined
7011-59.jpg,/workspace/SDNET2018_LIMPIO/D/CD/7011-59.jpg,D,1,1,0.9999457597732544,name 'cantidad' is not defined
7007-70.jpg,/workspace/SDNET2018_LIMPIO/D/UD/7007-70.jpg,D,0,1,0.5069486498832703,name 'cantidad' is not defined
7092-131.jpg,/workspace/SDNET2018_LIMPIO/W/CW/7092-131.jpg,W,1,1,0.9857763648033142,name 'cantidad' is not defined
7080-55.jpg,/workspace/SDNET2018_LIMPIO/W/UW/7080-55.jpg,W,0,1,0.5030803680419922,name 'cantidad' is not defined
7028-162.jpg,/workspace/SDNET2018_LIMPIO/D/CD/7028-162.jpg,D,1,1,0.8801580667495728,name 'cantidad' is not defined
066-88.jpg,/workspace/SDNET2018_LIMPIO/P/CP/066-88.jpg,P,1,1,0.9935029149055481,name 'cantidad' is not defined
092-179.jpg,/workspace/SDNET2018_LIMPIO/P/CP/092-179.jpg,P,1,1,0.8995199203491211,name 'cantidad' is not defined
016-88.jpg,/workspace/SDNET2018_LIMPIO/P/UP/016-88.jpg,P,0,1,0.9642030596733093,name 'cantidad' is not defined
7140-102.jpg,/workspace/SDNET2018_LIMPIO/W/UW/7140-102.jpg,W,0,1,0.5078281760215759,name 'cantidad' is not defined
7029-241.jpg,/workspace/SDNET2018_LIMPIO/D/CD/7029-241.jpg,D,1,1,0.9947474598884583,name 'cantidad' is not defined
007-70.jpg,/workspace/SDNET2018_LIMPIO/P/CP/007-70.jpg,P,1,1,0.6022669672966003,name 'cantidad' is not defined
7020-131.jpg,/workspace/SDNET2018_LIMPIO/D/CD/7020-131.jpg,D,1,1,0.886356770992279,name 'cantidad' is not defined
097-112.jpg,/workspace/SDNET2018_LIMPIO/P/UP/097-112.jpg,P,0,1,0.5454100966453552,name 'cantidad' is not defined
028-76.jpg,/workspace/SDNET2018_LIMPIO/P/CP/028-76.jpg,P,1,1,0.9979300498962402,name 'cantidad' is not defined
7047-24.jpg,/workspace/SDNET2018_LIMPIO/D/CD/7047-24.jpg,D,1,1,0.9181398749351501,name 'cantidad' is not defined
7118-66.jpg,/workspace/SDNET2018_LIMPIO/W/CW/7118-66.jpg,W,1,1,0.5232375860214233,name 'cantidad' is not defined
7096-79.jpg,/workspace/SDNET2018_LIMPIO/W/UW/7096-79.jpg,W,0,1,0.8456571698188782,name 'cantidad' is not defined
7093-167.jpg,/workspace/SDNET2018_LIMPIO/W/CW/7093-167.jpg,W,1,1,0.6253324151039124,name 'cantidad' is not defined
072-45.jpg,/workspace/SDNET2018_LIMPIO/P/CP/072-45.jpg,P,1,1,0.994860053062439,name 'cantidad' is not defined
7087-5.jpg,/workspace/SDNET2018_LIMPIO/W/UW/7087-5.jpg,W,0,1,0.5000803470611572,name 'cantidad' is not defined
7115-125.jpg,/workspace/SDNET2018_LIMPIO/W/UW/7115-125.jpg,W,0,1,0.5055084824562073,name 'cantidad' is not defined
7102-23.jpg,/workspace/SDNET2018_LIMPIO/W/CW/7102-23.jpg,W,1,1,0.9937612414360046,name 'cantidad' is not defined
7113-136.jpg,/workspace/SDNET2018_LIMPIO/W/CW/7113-136.jpg,W,1,1,0.9455589056015015,name 'cantidad' is not defined
074-104.jpg,/workspace/SDNET2018_LIMPIO/P/CP/074-104.jpg,P,1,1,0.5176275968551636,name 'cantidad' is not defined
004-114.jpg,/workspace/SDNET2018_LIMPIO/P/CP/004-114.jpg,P,1,1,0.9999998807907104,name 'cantidad' is not defined
7030-243.jpg,/workspace/SDNET2018_LIMPIO/D/UD/7030-243.jpg,D,0,1,0.9191422462463379,name 'cantidad' is not defined
7049-5.jpg,/workspace/SDNET2018_LIMPIO/D/UD/7049-5.jpg,D,0,1,0.9479944705963135,name 'cantidad' is not defined
7038-108.jpg,/workspace/SDNET2018_LIMPIO/D/CD/7038-108.jpg,D,1,1,0.7372679710388184,name 'cantidad' is not defined
7139-117.jpg,/workspace/SDNET2018_LIMPIO/W/CW/7139-117.jpg,W,1,1,1.0,name 'cantidad' is not defined
7036-94.jpg,/workspace/SDNET2018_LIMPIO/D/CD/7036-94.jpg,D,1,1,0.9950888752937317,name 'cantidad' is not defined
7086-233.jpg,/workspace/SDNET2018_LIMPIO/W/CW/7086-233.jpg,W,1,1,0.8281298279762268,name 'cantidad' is not defined
7140-150.jpg,/workspace/SDNET2018_LIMPIO/W/CW/7140-150.jpg,W,1,1,0.9967340230941772,name 'cantidad' is not defined
040-163.jpg,/workspace/SDNET2018_LIMPIO/P/UP/040-163.jpg,P,0,1,0.5048554539680481,name 'cantidad' is not defined
037-81.jpg,/workspace/SDNET2018_LIMPIO/P/CP/037-81.jpg,P,1,1,0.992489218711853,name 'cantidad' is not defined
7002-133.jpg,/workspace/SDNET2018_LIMPIO/D/UD/7002-133.jpg,D,0,1,0.6208973526954651,name 'cantidad' is not defined
095-97.jpg,/workspace/SDNET2018_LIMPIO/P/CP/095-97.jpg,P,1,1,0.9999995231628418,name 'cantidad' is not defined
7138-169.jpg,/workspace/SDNET2018_LIMPIO/W/UW/7138-169.jpg,W,0,1,0.5604459643363953,name 'cantidad' is not defined
7087-24.jpg,/workspace/SDNET2018_LIMPIO/W/CW/7087-24.jpg,W,1,1,0.9233169555664062,name 'cantidad' is not defined
7104-4.jpg,/workspace/SDNET2018_LIMPIO/W/UW/7104-4.jpg,W,0,1,0.5329238176345825,name 'cantidad' is not defined
7072-111.jpg,/workspace/SDNET2018_LIMPIO/W/CW/7072-111.jpg,W,1,1,0.8288959860801697,name 'cantidad' is not defined
7125-141.jpg,/workspace/SDNET2018_LIMPIO/W/UW/7125-141.jpg,W,0,1,0.5286901593208313,name 'cantidad' is not defined
7108-13.jpg,/workspace/SDNET2018_LIMPIO/W/UW/7108-13.jpg,W,0,1,0.5222787857055664,name 'cantidad' is not defined
7004-147.jpg,/workspace/SDNET2018_LIMPIO/D/UD/7004-147.jpg,D,0,1,0.6411769986152649,name 'cantidad' is not defined
009-90.jpg,/workspace/SDNET2018_LIMPIO/P/CP/009-90.jpg,P,1,1,0.6542595028877258,name 'cantidad' is not defined
7013-81.jpg,/workspace/SDNET2018_LIMPIO/D/CD/7013-81.jpg,D,1,1,0.9999703168869019,name 'cantidad' is not defined
7070-15.jpg,/workspace/SDNET2018_LIMPIO/W/UW/7070-15.jpg,W,0,1,0.8029283881187439,name 'cantidad' is not defined
089-61.jpg,/workspace/SDNET2018_LIMPIO/P/CP/089-61.jpg,P,1,1,0.8564811944961548,name 'cantidad' is not defined
093-107.jpg,/workspace/SDNET2018_LIMPIO/P/UP/093-107.jpg,P,0,1,0.5962907075881958,name 'cantidad' is not defined
7011-160.jpg,/workspace/SDNET2018_LIMPIO/D/CD/7011-160.jpg,D,1,1,0.9999992847442627,name 'cantidad' is not defined
7021-25.jpg,/workspace/SDNET2018_LIMPIO/D/UD/7021-25.jpg,D,0,1,0.6851623058319092,name 'cantidad' is not defined
7089-244.jpg,/workspace/SDNET2018_LIMPIO/W/UW/7089-244.jpg,W,0,1,0.5989735722541809,name 'cantidad' is not defined
025-74.jpg,/workspace/SDNET2018_LIMPIO/P/UP/025-74.jpg,P,0,1,0.6272364258766174,name 'cantidad' is not defined
094-101.jpg,/workspace/SDNET2018_LIMPIO/P/CP/094-101.jpg,P,1,1,0.7362532615661621,name 'cantidad' is not defined
7102-229.jpg,/workspace/SDNET2018_LIMPIO/W/CW/7102-229.jpg,W,1,1,0.9999685287475586,name 'cantidad' is not defined
036-209.jpg,/workspace/SDNET2018_LIMPIO/P/UP/036-209.jpg,P,0,1,0.8328389525413513,name 'cantidad' is not defined
7140-13_2.jpg,/workspace/SDNET2018_LIMPIO/W/CW/7140-13_2.jpg,W,1,1,0.7389149069786072,name 'cantidad' is not defined
7023-103.jpg,/workspace/SDNET2018_LIMPIO/D/UD/7023-103.jpg,D,0,1,0.5904144048690796,name 'cantidad' is not defined
096-135.jpg,/workspace/SDNET2018_LIMPIO/P/UP/096-135.jpg,P,0,1,0.999606192111969,name 'cantidad' is not defined
7005-46.jpg,/workspace/SDNET2018_LIMPIO/D/UD/7005-46.jpg,D,0,1,0.574941098690033,name 'cantidad' is not defined
7069-21.jpg,/workspace/SDNET2018_LIMPIO/W/CW/7069-21.jpg,W,1,1,0.5456234216690063,name 'cantidad' is not defined
7095-155.jpg,/workspace/SDNET2018_LIMPIO/W/CW/7095-155.jpg,W,1,1,0.9997633099555969,name 'cantidad' is not defined
7091-26.jpg,/workspace/SDNET2018_LIMPIO/W/UW/7091-26.jpg,W,0,1,0.5212340354919434,name 'cantidad' is not defined
7125-225.jpg,/workspace/SDNET2018_LIMPIO/W/CW/7125-225.jpg,W,1,1,0.9999985694885254,name 'cantidad' is not defined
7106-242.jpg,/workspace/SDNET2018_LIMPIO/W/CW/7106-242.jpg,W,1,1,0.8550218939781189,name 'cantidad' is not defined
7006-23.jpg,/workspace/SDNET2018_LIMPIO/D/CD/7006-23.jpg,D,1,1,0.9965320825576782,name 'cantidad' is not defined
039-22.jpg,/workspace/SDNET2018_LIMPIO/P/UP/039-22.jpg,P,0,1,0.6009922027587891,name 'cantidad' is not defined
7139-243.jpg,/workspace/SDNET2018_LIMPIO/W/UW/7139-243.jpg,W,0,1,0.6191903352737427,name 'cantidad' is not defined
083-161.jpg,/workspace/SDNET2018_LIMPIO/P/UP/083-161.jpg,P,0,1,0.7330760359764099,name 'cantidad' is not defined
069-59.jpg,/workspace/SDNET2018_LIMPIO/P/CP/069-59.jpg,P,1,1,0.9999945163726807,name 'cantidad' is not defined
057-29.jpg,/workspace/SDNET2018_LIMPIO/P/UP/057-29.jpg,P,0,1,0.852938711643219,name 'cantidad' is not defined
7124-61.jpg,/workspace/SDNET2018_LIMPIO/W/CW/7124-61.jpg,W,1,1,0.9773907661437988,name 'cantidad' is not defined
7077-164.jpg,/workspace/SDNET2018_LIMPIO/W/CW/7077-164.jpg,W,1,1,0.9228321313858032,name 'cantidad' is not defined
7115-14.jpg,/workspace/SDNET2018_LIMPIO/W/UW/7115-14.jpg,W,0,1,0.6592435240745544,name 'cantidad' is not defined
7072-76.jpg,/workspace/SDNET2018_LIMPIO/W/CW/7072-76.jpg,W,1,1,0.9866151213645935,name 'cantidad' is not defined
7014-213.jpg,/workspace/SDNET2018_LIMPIO/D/UD/7014-213.jpg,D,0,1,0.6853493452072144,name 'cantidad' is not defined
7128-111.jpg,/workspace/SDNET2018_LIMPIO/W/UW/7128-111.jpg,W,0,1,0.6295313239097595,name 'cantidad' is not defined
7088-1.jpg,/workspace/SDNET2018_LIMPIO/W/CW/7088-1.jpg,W,1,1,0.9860972762107849,name 'cantidad' is not defined
010-122.jpg,/workspace/SDNET2018_LIMPIO/P/CP/010-122.jpg,P,1,1,0.8245478272438049,name 'cantidad' is not defined
7112-112.jpg,/workspace/SDNET2018_LIMPIO/W/CW/7112-112.jpg,W,1,1,0.8857464790344238,name 'cantidad' is not defined
7115-192.jpg,/workspace/SDNET2018_LIMPIO/W/CW/7115-192.jpg,W,1,1,0.982675313949585,name 'cantidad' is not defined
7123-175.jpg,/workspace/SDNET2018_LIMPIO/W/CW/7123-175.jpg,W,1,1,0.5449930429458618,name 'cantidad' is not defined
039-46.jpg,/workspace/SDNET2018_LIMPIO/P/UP/039-46.jpg,P,0,1,0.6813763380050659,name 'cantidad' is not defined
7009-82.jpg,/workspace/SDNET2018_LIMPIO/D/CD/7009-82.jpg,D,1,1,0.9999371767044067,name 'cantidad' is not defined
7039-69.jpg,/workspace/SDNET2018_LIMPIO/D/UD/7039-69.jpg,D,0,1,0.6138346791267395,name 'cantidad' is not defined
7007-80.jpg,/workspace/SDNET2018_LIMPIO/D/UD/7007-80.jpg,D,0,1,0.6849918961524963,name 'cantidad' is not defined
092-142.jpg,/workspace/SDNET2018_LIMPIO/P/UP/092-142.jpg,P,0,1,0.6215605735778809,name 'cantidad' is not defined
7070-32.jpg,/workspace/SDNET2018_LIMPIO/W/UW/7070-32.jpg,W,0,1,0.5846102833747864,name 'cantidad' is not defined
100-133.jpg,/workspace/SDNET2018_LIMPIO/P/UP/100-133.jpg,P,0,1,0.7582104206085205,name 'cantidad' is not defined
7131-133.jpg,/workspace/SDNET2018_LIMPIO/W/UW/7131-133.jpg,W,0,1,0.6820365786552429,name 'cantidad' is not defined
7016-39.jpg,/workspace/SDNET2018_LIMPIO/D/UD/7016-39.jpg,D,0,1,0.8384290337562561,name 'cantidad' is not defined
7115-81.jpg,/workspace/SDNET2018_LIMPIO/W/CW/7115-81.jpg,W,1,1,0.8679469227790833,name 'cantidad' is not defined
098-98.jpg,/workspace/SDNET2018_LIMPIO/P/CP/098-98.jpg,P,1,1,0.935300886631012,name 'cantidad' is not defined
7049-128.jpg,/workspace/SDNET2018_LIMPIO/D/CD/7049-128.jpg,D,1,1,0.7033734321594238,name 'cantidad' is not defined
7118-122.jpg,/workspace/SDNET2018_LIMPIO/W/UW/7118-122.jpg,W,0,1,0.6330986022949219,name 'cantidad' is not defined
7004-79.jpg,/workspace/SDNET2018_LIMPIO/D/UD/7004-79.jpg,D,0,1,0.6133347153663635,name 'cantidad' is not defined
7080-44.jpg,/workspace/SDNET2018_LIMPIO/W/UW/7080-44.jpg,W,0,1,0.5241208076477051,name 'cantidad' is not defined
7011-39.jpg,/workspace/SDNET2018_LIMPIO/D/CD/7011-39.jpg,D,1,1,0.8631938695907593,name 'cantidad' is not defined
7115-185.jpg,/workspace/SDNET2018_LIMPIO/W/UW/7115-185.jpg,W,0,1,0.6862826943397522,name 'cantidad' is not defined
008-57.jpg,/workspace/SDNET2018_LIMPIO/P/UP/008-57.jpg,P,0,1,0.5047815442085266,name 'cantidad' is not defined
7039-164.jpg,/workspace/SDNET2018_LIMPIO/D/CD/7039-164.jpg,D,1,1,0.7505747079849243,name 'cantidad' is not defined
7071-238.jpg,/workspace/SDNET2018_LIMPIO/W/UW/7071-238.jpg,W,0,1,0.6885301470756531,name 'cantidad' is not defined
082-122.jpg,/workspace/SDNET2018_LIMPIO/P/CP/082-122.jpg,P,1,1,0.9526244401931763,name 'cantidad' is not defined
7084-44.jpg,/workspace/SDNET2018_LIMPIO/W/CW/7084-44.jpg,W,1,1,0.9999988079071045,name 'cantidad' is not defined
7022-167.jpg,/workspace/SDNET2018_LIMPIO/D/UD/7022-167.jpg,D,0,1,0.5079730153083801,name 'cantidad' is not defined
104-41.jpg,/workspace/SDNET2018_LIMPIO/P/CP/104-41.jpg,P,1,1,0.500850260257721,name 'cantidad' is not defined
7001-106.jpg,/workspace/SDNET2018_LIMPIO/D/UD/7001-106.jpg,D,0,1,0.5506399869918823,name 'cantidad' is not defined
024-169.jpg,/workspace/SDNET2018_LIMPIO/P/UP/024-169.jpg,P,0,1,0.9570558667182922,name 'cantidad' is not defined
7080-62.jpg,/workspace/SDNET2018_LIMPIO/W/UW/7080-62.jpg,W,0,1,0.5362545847892761,name 'cantidad' is not defined
7133-120.jpg,/workspace/SDNET2018_LIMPIO/W/UW/7133-120.jpg,W,0,1,0.9818165302276611,name 'cantidad' is not defined
028-55.jpg,/workspace/SDNET2018_LIMPIO/P/CP/028-55.jpg,P,1,1,0.9430651664733887,name 'cantidad' is not defined
7077-192.jpg,/workspace/SDNET2018_LIMPIO/W/CW/7077-192.jpg,W,1,1,0.6093949675559998,name 'cantidad' is not defined
7082-95.jpg,/workspace/SDNET2018_LIMPIO/W/CW/7082-95.jpg,W,1,1,0.5962939262390137,name 'cantidad' is not defined
097-153.jpg,/workspace/SDNET2018_LIMPIO/P/UP/097-153.jpg,P,0,1,0.6323037147521973,name 'cantidad' is not defined
7135-222.jpg,/workspace/SDNET2018_LIMPIO/W/CW/7135-222.jpg,W,1,1,0.9989901185035706,name 'cantidad' is not defined
7139-4.jpg,/workspace/SDNET2018_LIMPIO/W/UW/7139-4.jpg,W,0,1,0.532927393913269,name 'cantidad' is not defined
7091-133.jpg,/workspace/SDNET2018_LIMPIO/W/UW/7091-133.jpg,W,0,1,0.8411979079246521,name 'cantidad' is not defined
080-146.jpg,/workspace/SDNET2018_LIMPIO/P/UP/080-146.jpg,P,0,1,0.7394376397132874,name 'cantidad' is not defined
7118-239.jpg,/workspace/SDNET2018_LIMPIO/W/UW/7118-239.jpg,W,0,1,0.5433939099311829,name 'cantidad' is not defined
086-94.jpg,/workspace/SDNET2018_LIMPIO/P/CP/086-94.jpg,P,1,1,0.9869188666343689,name 'cantidad' is not defined
7073-33.jpg,/workspace/SDNET2018_LIMPIO/W/CW/7073-33.jpg,W,1,1,0.7017016410827637,name 'cantidad' is not defined
096-144.jpg,/workspace/SDNET2018_LIMPIO/P/UP/096-144.jpg,P,0,1,0.9828798174858093,name 'cantidad' is not defined
7080-77.jpg,/workspace/SDNET2018_LIMPIO/W/UW/7080-77.jpg,W,0,1,0.7843877673149109,name 'cantidad' is not defined
7086-162.jpg,/workspace/SDNET2018_LIMPIO/W/UW/7086-162.jpg,W,0,1,0.5101780891418457,name 'cantidad' is not defined
7113-248.jpg,/workspace/SDNET2018_LIMPIO/W/CW/7113-248.jpg,W,1,1,0.5230961441993713,name 'cantidad' is not defined
7124-158.jpg,/workspace/SDNET2018_LIMPIO/W/CW/7124-158.jpg,W,1,1,0.9999995231628418,name 'cantidad' is not defined
7071-85.jpg,/workspace/SDNET2018_LIMPIO/W/UW/7071-85.jpg,W,0,1,0.5983434915542603,name 'cantidad' is not defined
044-97.jpg,/workspace/SDNET2018_LIMPIO/P/UP/044-97.jpg,P,0,1,0.8349817991256714,name 'cantidad' is not defined
7070-151.jpg,/workspace/SDNET2018_LIMPIO/W/UW/7070-151.jpg,W,0,1,0.513100802898407,name 'cantidad' is not defined
7080-102.jpg,/workspace/SDNET2018_LIMPIO/W/UW/7080-102.jpg,W,0,1,0.7524087429046631,name 'cantidad' is not defined
7094-44.jpg,/workspace/SDNET2018_LIMPIO/W/CW/7094-44.jpg,W,1,1,0.9813732504844666,name 'cantidad' is not defined
061-101.jpg,/workspace/SDNET2018_LIMPIO/P/CP/061-101.jpg,P,1,1,0.999778687953949,name 'cantidad' is not defined
7086-85.jpg,/workspace/SDNET2018_LIMPIO/W/CW/7086-85.jpg,W,1,1,0.999962568283081,name 'cantidad' is not defined
070-174.jpg,/workspace/SDNET2018_LIMPIO/P/UP/070-174.jpg,P,0,1,0.7139993906021118,name 'cantidad' is not defined
7013-60.jpg,/workspace/SDNET2018_LIMPIO/D/UD/7013-60.jpg,D,0,1,0.5059137344360352,name 'cantidad' is not defined
055-155.jpg,/workspace/SDNET2018_LIMPIO/P/UP/055-155.jpg,P,0,1,0.5855445861816406,name 'cantidad' is not defined
7131-76.jpg,/workspace/SDNET2018_LIMPIO/W/UW/7131-76.jpg,W,0,1,0.533420979976654,name 'cantidad' is not defined
7071-29.jpg,/workspace/SDNET2018_LIMPIO/W/UW/7071-29.jpg,W,0,1,0.994397759437561,name 'cantidad' is not defined
047-119.jpg,/workspace/SDNET2018_LIMPIO/P/CP/047-119.jpg,P,1,1,0.9998452663421631,name 'cantidad' is not defined
7089-169.jpg,/workspace/SDNET2018_LIMPIO/W/UW/7089-169.jpg,W,0,1,0.6825939416885376,name 'cantidad' is not defined
101-138.jpg,/workspace/SDNET2018_LIMPIO/P/CP/101-138.jpg,P,1,1,0.9997132420539856,name 'cantidad' is not defined
7074-225.jpg,/workspace/SDNET2018_LIMPIO/W/CW/7074-225.jpg,W,1,1,1.0,name 'cantidad' is not defined
7119-205.jpg,/workspace/SDNET2018_LIMPIO/W/CW/7119-205.jpg,W,1,1,0.5037865042686462,name 'cantidad' is not defined
074-37.jpg,/workspace/SDNET2018_LIMPIO/P/CP/074-37.jpg,P,1,1,0.5266210436820984,name 'cantidad' is not defined
7087-129.jpg,/workspace/SDNET2018_LIMPIO/W/UW/7087-129.jpg,W,0,1,0.5413902401924133,name 'cantidad' is not defined
7131-225.jpg,/workspace/SDNET2018_LIMPIO/W/UW/7131-225.jpg,W,0,1,0.5097018480300903,name 'cantidad' is not defined
7027-203.jpg,/workspace/SDNET2018_LIMPIO/D/UD/7027-203.jpg,D,0,1,0.5952078700065613,name 'cantidad' is not defined
024-151.jpg,/workspace/SDNET2018_LIMPIO/P/UP/024-151.jpg,P,0,1,0.8315801620483398,name 'cantidad' is not defined
7089-118.jpg,/workspace/SDNET2018_LIMPIO/W/CW/7089-118.jpg,W,1,1,0.7463057637214661,name 'cantidad' is not defined
060-184.jpg,/workspace/SDNET2018_LIMPIO/P/CP/060-184.jpg,P,1,1,0.8129276633262634,name 'cantidad' is not defined
7084-94.jpg,/workspace/SDNET2018_LIMPIO/W/UW/7084-94.jpg,W,0,1,0.6256303191184998,name 'cantidad' is not defined
046-26.jpg,/workspace/SDNET2018_LIMPIO/P/UP/046-26.jpg,P,0,1,0.577174186706543,name 'cantidad' is not defined
011-134.jpg,/workspace/SDNET2018_LIMPIO/P/UP/011-134.jpg,P,0,1,0.700471818447113,name 'cantidad' is not defined
7005-142.jpg,/workspace/SDNET2018_LIMPIO/D/CD/7005-142.jpg,D,1,1,0.840906023979187,name 'cantidad' is not defined
045-191.jpg,/workspace/SDNET2018_LIMPIO/P/UP/045-191.jpg,P,0,1,0.6231694221496582,name 'cantidad' is not defined
7037-62.jpg,/workspace/SDNET2018_LIMPIO/D/CD/7037-62.jpg,D,1,1,0.9026749730110168,name 'cantidad' is not defined
7112-25.jpg,/workspace/SDNET2018_LIMPIO/W/UW/7112-25.jpg,W,0,1,0.823340117931366,name 'cantidad' is not defined
7085-230.jpg,/workspace/SDNET2018_LIMPIO/W/UW/7085-230.jpg,W,0,1,0.5907784700393677,name 'cantidad' is not defined
7022-58.jpg,/workspace/SDNET2018_LIMPIO/D/CD/7022-58.jpg,D,1,1,0.9954166412353516,name 'cantidad' is not defined
7087-100.jpg,/workspace/SDNET2018_LIMPIO/W/CW/7087-100.jpg,W,1,1,0.9981301426887512,name 'cantidad' is not defined
7114-26.jpg,/workspace/SDNET2018_LIMPIO/W/CW/7114-26.jpg,W,1,1,0.8809031248092651,name 'cantidad' is not defined
7024-111.jpg,/workspace/SDNET2018_LIMPIO/D/CD/7024-111.jpg,D,1,1,0.9974581599235535,name 'cantidad' is not defined
102-113.jpg,/workspace/SDNET2018_LIMPIO/P/CP/102-113.jpg,P,1,1,0.998803973197937,name 'cantidad' is not defined
091-68.jpg,/workspace/SDNET2018_LIMPIO/P/UP/091-68.jpg,P,0,1,0.6086868643760681,name 'cantidad' is not defined
7114-189.jpg,/workspace/SDNET2018_LIMPIO/W/UW/7114-189.jpg,W,0,1,0.5259144306182861,name 'cantidad' is not defined
7021-189.jpg,/workspace/SDNET2018_LIMPIO/D/CD/7021-189.jpg,D,1,1,0.9994745850563049,name 'cantidad' is not defined
7115-148.jpg,/workspace/SDNET2018_LIMPIO/W/UW/7115-148.jpg,W,0,1,0.9051839709281921,name 'cantidad' is not defined
101-137.jpg,/workspace/SDNET2018_LIMPIO/P/CP/101-137.jpg,P,1,1,0.9999995231628418,name 'cantidad' is not defined
7091-113.jpg,/workspace/SDNET2018_LIMPIO/W/UW/7091-113.jpg,W,0,1,0.704368531703949,name 'cantidad' is not defined
009-19.jpg,/workspace/SDNET2018_LIMPIO/P/UP/009-19.jpg,P,0,1,0.551037073135376,name 'cantidad' is not defined
7119-242.jpg,/workspace/SDNET2018_LIMPIO/W/CW/7119-242.jpg,W,1,1,0.9999994039535522,name 'cantidad' is not defined
036-229.jpg,/workspace/SDNET2018_LIMPIO/P/UP/036-229.jpg,P,0,1,0.5429203510284424,name 'cantidad' is not defined
7091-151.jpg,/workspace/SDNET2018_LIMPIO/W/UW/7091-151.jpg,W,0,1,0.885668158531189,name 'cantidad' is not defined
7077-201.jpg,/workspace/SDNET2018_LIMPIO/W/UW/7077-201.jpg,W,0,1,0.6516578793525696,name 'cantidad' is not defined
7083-185.jpg,/workspace/SDNET2018_LIMPIO/W/CW/7083-185.jpg,W,1,1,0.5713302493095398,name 'cantidad' is not defined
101-44.jpg,/workspace/SDNET2018_LIMPIO/P/UP/101-44.jpg,P,0,1,0.6365986466407776,name 'cantidad' is not defined
7004-154.jpg,/workspace/SDNET2018_LIMPIO/D/UD/7004-154.jpg,D,0,1,0.5287589430809021,name 'cantidad' is not defined
086-211.jpg,/workspace/SDNET2018_LIMPIO/P/UP/086-211.jpg,P,0,1,0.6838119029998779,name 'cantidad' is not defined
7048-234.jpg,/workspace/SDNET2018_LIMPIO/D/UD/7048-234.jpg,D,0,1,0.6688671708106995,name 'cantidad' is not defined
090-40.jpg,/workspace/SDNET2018_LIMPIO/P/UP/090-40.jpg,P,0,1,0.8526982069015503,name 'cantidad' is not defined
7126-85.jpg,/workspace/SDNET2018_LIMPIO/W/CW/7126-85.jpg,W,1,1,0.6708184480667114,name 'cantidad' is not defined
7036-152.jpg,/workspace/SDNET2018_LIMPIO/D/CD/7036-152.jpg,D,1,1,0.9994286894798279,name 'cantidad' is not defined
7021-217.jpg,/workspace/SDNET2018_LIMPIO/D/CD/7021-217.jpg,D,1,1,0.7804785370826721,name 'cantidad' is not defined
7003-231.jpg,/workspace/SDNET2018_LIMPIO/D/CD/7003-231.jpg,D,1,1,0.874560534954071,name 'cantidad' is not defined
7139-10.jpg,/workspace/SDNET2018_LIMPIO/W/UW/7139-10.jpg,W,0,1,0.5699997544288635,name 'cantidad' is not defined
7027-145.jpg,/workspace/SDNET2018_LIMPIO/D/UD/7027-145.jpg,D,0,1,0.6170322895050049,name 'cantidad' is not defined
7070-139.jpg,/workspace/SDNET2018_LIMPIO/W/UW/7070-139.jpg,W,0,1,0.7266807556152344,name 'cantidad' is not defined
7089-10.jpg,/workspace/SDNET2018_LIMPIO/W/CW/7089-10.jpg,W,1,1,0.9546896815299988,name 'cantidad' is not defined
7085-118.jpg,/workspace/SDNET2018_LIMPIO/W/CW/7085-118.jpg,W,1,1,0.9995511174201965,name 'cantidad' is not defined
7081-3.jpg,/workspace/SDNET2018_LIMPIO/W/UW/7081-3.jpg,W,0,1,0.5777182579040527,name 'cantidad' is not defined
7069-62.jpg,/workspace/SDNET2018_LIMPIO/W/UW/7069-62.jpg,W,0,1,0.5404923558235168,name 'cantidad' is not defined
7075-129.jpg,/workspace/SDNET2018_LIMPIO/W/UW/7075-129.jpg,W,0,1,0.57475745677948,name 'cantidad' is not defined
7124-68.jpg,/workspace/SDNET2018_LIMPIO/W/UW/7124-68.jpg,W,0,1,0.607167661190033,name 'cantidad' is not defined
7007-188.jpg,/workspace/SDNET2018_LIMPIO/D/CD/7007-188.jpg,D,1,1,0.8572498559951782,name 'cantidad' is not defined
7122-114.jpg,/workspace/SDNET2018_LIMPIO/W/CW/7122-114.jpg,W,1,1,0.9999997615814209,name 'cantidad' is not defined
7036-87.jpg,/workspace/SDNET2018_LIMPIO/D/CD/7036-87.jpg,D,1,1,0.9926499724388123,name 'cantidad' is not defined
7034-68.jpg,/workspace/SDNET2018_LIMPIO/D/UD/7034-68.jpg,D,0,1,0.510413408279419,name 'cantidad' is not defined
7080-97.jpg,/workspace/SDNET2018_LIMPIO/W/UW/7080-97.jpg,W,0,1,0.7902058959007263,name 'cantidad' is not defined
7046-97.jpg,/workspace/SDNET2018_LIMPIO/D/CD/7046-97.jpg,D,1,1,0.9999061822891235,name 'cantidad' is not defined
025-80.jpg,/workspace/SDNET2018_LIMPIO/P/UP/025-80.jpg,P,0,1,0.557381272315979,name 'cantidad' is not defined
7077-44.jpg,/workspace/SDNET2018_LIMPIO/W/CW/7077-44.jpg,W,1,1,0.6319072842597961,name 'cantidad' is not defined
7107-92.jpg,/workspace/SDNET2018_LIMPIO/W/UW/7107-92.jpg,W,0,1,0.6931900978088379,name 'cantidad' is not defined
7113-214.jpg,/workspace/SDNET2018_LIMPIO/W/UW/7113-214.jpg,W,0,1,0.7526872754096985,name 'cantidad' is not defined
7083-14.jpg,/workspace/SDNET2018_LIMPIO/W/UW/7083-14.jpg,W,0,1,0.8800660371780396,name 'cantidad' is not defined
7122-166.jpg,/workspace/SDNET2018_LIMPIO/W/UW/7122-166.jpg,W,0,1,0.610946774482727,name 'cantidad' is not defined
7070-161.jpg,/workspace/SDNET2018_LIMPIO/W/UW/7070-161.jpg,W,0,1,0.6775859594345093,name 'cantidad' is not defined
093-153.jpg,/workspace/SDNET2018_LIMPIO/P/UP/093-153.jpg,P,0,1,0.6739101409912109,name 'cantidad' is not defined
7005-79.jpg,/workspace/SDNET2018_LIMPIO/D/CD/7005-79.jpg,D,1,1,0.9963086247444153,name 'cantidad' is not defined
006-137.jpg,/workspace/SDNET2018_LIMPIO/P/CP/006-137.jpg,P,1,1,0.9999445676803589,name 'cantidad' is not defined
034-77.jpg,/workspace/SDNET2018_LIMPIO/P/CP/034-77.jpg,P,1,1,0.9999909400939941,name 'cantidad' is not defined
7081-24.jpg,/workspace/SDNET2018_LIMPIO/W/UW/7081-24.jpg,W,0,1,0.8028077483177185,name 'cantidad' is not defined
089-81.jpg,/workspace/SDNET2018_LIMPIO/P/CP/089-81.jpg,P,1,1,0.5121802091598511,name 'cantidad' is not defined
067-97.jpg,/workspace/SDNET2018_LIMPIO/P/UP/067-97.jpg,P,0,1,0.6082912087440491,name 'cantidad' is not defined
091-102.jpg,/workspace/SDNET2018_LIMPIO/P/UP/091-102.jpg,P,0,1,0.8683027625083923,name 'cantidad' is not defined
7101-43.jpg,/workspace/SDNET2018_LIMPIO/W/CW/7101-43.jpg,W,1,1,0.8876124620437622,name 'cantidad' is not defined
7126-141.jpg,/workspace/SDNET2018_LIMPIO/W/UW/7126-141.jpg,W,0,1,0.5395041108131409,name 'cantidad' is not defined
7086-81.jpg,/workspace/SDNET2018_LIMPIO/W/CW/7086-81.jpg,W,1,1,1.0,name 'cantidad' is not defined
7132-116.jpg,/workspace/SDNET2018_LIMPIO/W/UW/7132-116.jpg,W,0,1,0.7988579273223877,name 'cantidad' is not defined
7086-102.jpg,/workspace/SDNET2018_LIMPIO/W/UW/7086-102.jpg,W,0,1,0.760050356388092,name 'cantidad' is not defined
014-40.jpg,/workspace/SDNET2018_LIMPIO/P/CP/014-40.jpg,P,1,1,0.9739987254142761,name 'cantidad' is not defined
068-114.jpg,/workspace/SDNET2018_LIMPIO/P/CP/068-114.jpg,P,1,1,0.9997063279151917,name 'cantidad' is not defined
095-149.jpg,/workspace/SDNET2018_LIMPIO/P/UP/095-149.jpg,P,0,1,0.5022707581520081,name 'cantidad' is not defined
7021-109.jpg,/workspace/SDNET2018_LIMPIO/D/CD/7021-109.jpg,D,1,1,0.997350811958313,name 'cantidad' is not defined
7077-29.jpg,/workspace/SDNET2018_LIMPIO/W/CW/7077-29.jpg,W,1,1,0.6678531169891357,name 'cantidad' is not defined
7133-209.jpg,/workspace/SDNET2018_LIMPIO/W/UW/7133-209.jpg,W,0,1,0.8274653553962708,name 'cantidad' is not defined
025-140.jpg,/workspace/SDNET2018_LIMPIO/P/UP/025-140.jpg,P,0,1,0.6611589193344116,name 'cantidad' is not defined
7020-147.jpg,/workspace/SDNET2018_LIMPIO/D/CD/7020-147.jpg,D,1,1,0.9363599419593811,name 'cantidad' is not defined
7125-130.jpg,/workspace/SDNET2018_LIMPIO/W/UW/7125-130.jpg,W,0,1,0.5348256826400757,name 'cantidad' is not defined
023-63.jpg,/workspace/SDNET2018_LIMPIO/P/CP/023-63.jpg,P,1,1,0.9207020998001099,name 'cantidad' is not defined
7080-3.jpg,/workspace/SDNET2018_LIMPIO/W/UW/7080-3.jpg,W,0,1,0.580583393573761,name 'cantidad' is not defined
7122-57.jpg,/workspace/SDNET2018_LIMPIO/W/UW/7122-57.jpg,W,0,1,0.6251538991928101,name 'cantidad' is not defined
7074-93.jpg,/workspace/SDNET2018_LIMPIO/W/CW/7074-93.jpg,W,1,1,0.9999788999557495,name 'cantidad' is not defined
094-208.jpg,/workspace/SDNET2018_LIMPIO/P/UP/094-208.jpg,P,0,1,0.7182294130325317,name 'cantidad' is not defined
024-132.jpg,/workspace/SDNET2018_LIMPIO/P/UP/024-132.jpg,P,0,1,0.9092389941215515,name 'cantidad' is not defined
012-82.jpg,/workspace/SDNET2018_LIMPIO/P/UP/012-82.jpg,P,0,1,0.8284581899642944,name 'cantidad' is not defined
092-136.jpg,/workspace/SDNET2018_LIMPIO/P/UP/092-136.jpg,P,0,1,0.9865951538085938,name 'cantidad' is not defined
014-63.jpg,/workspace/SDNET2018_LIMPIO/P/CP/014-63.jpg,P,1,1,0.9431144595146179,name 'cantidad' is not defined
015-112.jpg,/workspace/SDNET2018_LIMPIO/P/UP/015-112.jpg,P,0,1,0.6727156043052673,name 'cantidad' is not defined
7074-125.jpg,/workspace/SDNET2018_LIMPIO/W/UW/7074-125.jpg,W,0,1,0.8795787692070007,name 'cantidad' is not defined
090-83.jpg,/workspace/SDNET2018_LIMPIO/P/UP/090-83.jpg,P,0,1,0.5605589151382446,name 'cantidad' is not defined
7105-104.jpg,/workspace/SDNET2018_LIMPIO/W/UW/7105-104.jpg,W,0,1,0.6632034778594971,name 'cantidad' is not defined
051-66.jpg,/workspace/SDNET2018_LIMPIO/P/CP/051-66.jpg,P,1,1,0.9475901126861572,name 'cantidad' is not defined
7051-115.jpg,/workspace/SDNET2018_LIMPIO/D/UD/7051-115.jpg,D,0,1,0.6379216313362122,name 'cantidad' is not defined
7069-66.jpg,/workspace/SDNET2018_LIMPIO/W/UW/7069-66.jpg,W,0,1,0.7652382850646973,name 'cantidad' is not defined
7069-123.jpg,/workspace/SDNET2018_LIMPIO/W/UW/7069-123.jpg,W,0,1,0.6188654899597168,name 'cantidad' is not defined
7073-39.jpg,/workspace/SDNET2018_LIMPIO/W/UW/7073-39.jpg,W,0,1,0.5204162001609802,name 'cantidad' is not defined
012-41.jpg,/workspace/SDNET2018_LIMPIO/P/UP/012-41.jpg,P,0,1,0.5045425295829773,name 'cantidad' is not defined
7020-102.jpg,/workspace/SDNET2018_LIMPIO/D/CD/7020-102.jpg,D,1,1,0.9996901750564575,name 'cantidad' is not defined
7020-113.jpg,/workspace/SDNET2018_LIMPIO/D/CD/7020-113.jpg,D,1,1,0.8064260482788086,name 'cantidad' is not defined
032-78.jpg,/workspace/SDNET2018_LIMPIO/P/CP/032-78.jpg,P,1,1,0.9623382091522217,name 'cantidad' is not defined
7077-37.jpg,/workspace/SDNET2018_LIMPIO/W/UW/7077-37.jpg,W,0,1,0.5585604310035706,name 'cantidad' is not defined
7086-201.jpg,/workspace/SDNET2018_LIMPIO/W/UW/7086-201.jpg,W,0,1,0.738023579120636,name 'cantidad' is not defined
091-67.jpg,/workspace/SDNET2018_LIMPIO/P/UP/091-67.jpg,P,0,1,0.5877752304077148,name 'cantidad' is not defined
7046-116.jpg,/workspace/SDNET2018_LIMPIO/D/CD/7046-116.jpg,D,1,1,0.5852945446968079,name 'cantidad' is not defined
7088-56.jpg,/workspace/SDNET2018_LIMPIO/W/CW/7088-56.jpg,W,1,1,0.9324978590011597,name 'cantidad' is not defined
7129-153.jpg,/workspace/SDNET2018_LIMPIO/W/CW/7129-153.jpg,W,1,1,0.9808502793312073,name 'cantidad' is not defined
097-49.jpg,/workspace/SDNET2018_LIMPIO/P/UP/097-49.jpg,P,0,1,0.6205686926841736,name 'cantidad' is not defined
051-114.jpg,/workspace/SDNET2018_LIMPIO/P/CP/051-114.jpg,P,1,1,0.9999985694885254,name 'cantidad' is not defined
7004-130.jpg,/workspace/SDNET2018_LIMPIO/D/UD/7004-130.jpg,D,0,1,0.5288007855415344,name 'cantidad' is not defined
7090-31.jpg,/workspace/SDNET2018_LIMPIO/W/CW/7090-31.jpg,W,1,1,0.9930369257926941,name 'cantidad' is not defined
7073-173.jpg,/workspace/SDNET2018_LIMPIO/W/CW/7073-173.jpg,W,1,1,0.9999996423721313,name 'cantidad' is not defined
7099-16.jpg,/workspace/SDNET2018_LIMPIO/W/UW/7099-16.jpg,W,0,1,0.5020385980606079,name 'cantidad' is not defined
008-114.jpg,/workspace/SDNET2018_LIMPIO/P/UP/008-114.jpg,P,0,1,0.5388995409011841,name 'cantidad' is not defined
7078-40.jpg,/workspace/SDNET2018_LIMPIO/W/CW/7078-40.jpg,W,1,1,0.7267183065414429,name 'cantidad' is not defined
7070-29.jpg,/workspace/SDNET2018_LIMPIO/W/CW/7070-29.jpg,W,1,1,0.6915132403373718,name 'cantidad' is not defined
076-24.jpg,/workspace/SDNET2018_LIMPIO/P/CP/076-24.jpg,P,1,1,0.9976209998130798,name 'cantidad' is not defined
099-99.jpg,/workspace/SDNET2018_LIMPIO/P/CP/099-99.jpg,P,1,1,0.7403984665870667,name 'cantidad' is not defined
7069-222.jpg,/workspace/SDNET2018_LIMPIO/W/CW/7069-222.jpg,W,1,1,0.9970428347587585,name 'cantidad' is not defined
7136-83.jpg,/workspace/SDNET2018_LIMPIO/W/CW/7136-83.jpg,W,1,1,0.9983417987823486,name 'cantidad' is not defined
7132-4.jpg,/workspace/SDNET2018_LIMPIO/W/UW/7132-4.jpg,W,0,1,0.5353477001190186,name 'cantidad' is not defined
006-83.jpg,/workspace/SDNET2018_LIMPIO/P/UP/006-83.jpg,P,0,1,0.6587613224983215,name 'cantidad' is not defined
7049-217.jpg,/workspace/SDNET2018_LIMPIO/D/UD/7049-217.jpg,D,0,1,0.9685966968536377,name 'cantidad' is not defined
7083-112.jpg,/workspace/SDNET2018_LIMPIO/W/CW/7083-112.jpg,W,1,1,0.9703173637390137,name 'cantidad' is not defined
7113-115.jpg,/workspace/SDNET2018_LIMPIO/W/CW/7113-115.jpg,W,1,1,0.9828367233276367,name 'cantidad' is not defined
7045-152.jpg,/workspace/SDNET2018_LIMPIO/D/UD/7045-152.jpg,D,0,1,0.538341760635376,name 'cantidad' is not defined
7082-68.jpg,/workspace/SDNET2018_LIMPIO/W/UW/7082-68.jpg,W,0,1,0.7948999404907227,name 'cantidad' is not defined
7104-129.jpg,/workspace/SDNET2018_LIMPIO/W/CW/7104-129.jpg,W,1,1,0.9999071359634399,name 'cantidad' is not defined
7099-82.jpg,/workspace/SDNET2018_LIMPIO/W/CW/7099-82.jpg,W,1,1,0.9995673298835754,name 'cantidad' is not defined
7096-116.jpg,/workspace/SDNET2018_LIMPIO/W/CW/7096-116.jpg,W,1,1,0.9954214692115784,name 'cantidad' is not defined
7029-237.jpg,/workspace/SDNET2018_LIMPIO/D/UD/7029-237.jpg,D,0,1,0.5795390605926514,name 'cantidad' is not defined
084-150.jpg,/workspace/SDNET2018_LIMPIO/P/UP/084-150.jpg,P,0,1,0.702908992767334,name 'cantidad' is not defined
7091-221.jpg,/workspace/SDNET2018_LIMPIO/W/UW/7091-221.jpg,W,0,1,0.6321732401847839,name 'cantidad' is not defined
7115-31.jpg,/workspace/SDNET2018_LIMPIO/W/UW/7115-31.jpg,W,0,1,0.6622136235237122,name 'cantidad' is not defined
7018-242.jpg,/workspace/SDNET2018_LIMPIO/D/UD/7018-242.jpg,D,0,1,0.5857129096984863,name 'cantidad' is not defined
7124-172.jpg,/workspace/SDNET2018_LIMPIO/W/UW/7124-172.jpg,W,0,1,0.6526668071746826,name 'cantidad' is not defined
071-18.jpg,/workspace/SDNET2018_LIMPIO/P/UP/071-18.jpg,P,0,1,0.6085349321365356,name 'cantidad' is not defined
7012-171.jpg,/workspace/SDNET2018_LIMPIO/D/CD/7012-171.jpg,D,1,1,0.9999995231628418,name 'cantidad' is not defined
095-106.jpg,/workspace/SDNET2018_LIMPIO/P/CP/095-106.jpg,P,1,1,0.8682864308357239,name 'cantidad' is not defined
7103-48.jpg,/workspace/SDNET2018_LIMPIO/W/UW/7103-48.jpg,W,0,1,0.5159655213356018,name 'cantidad' is not defined
053-176.jpg,/workspace/SDNET2018_LIMPIO/P/UP/053-176.jpg,P,0,1,0.8052244782447815,name 'cantidad' is not defined
7069-150.jpg,/workspace/SDNET2018_LIMPIO/W/CW/7069-150.jpg,W,1,1,0.9993647933006287,name 'cantidad' is not defined
7005-141.jpg,/workspace/SDNET2018_LIMPIO/D/CD/7005-141.jpg,D,1,1,0.9999994039535522,name 'cantidad' is not defined
7122-96.jpg,/workspace/SDNET2018_LIMPIO/W/CW/7122-96.jpg,W,1,1,0.9925879836082458,name 'cantidad' is not defined
7024-95.jpg,/workspace/SDNET2018_LIMPIO/D/CD/7024-95.jpg,D,1,1,0.9999709129333496,name 'cantidad' is not defined
7081-49.jpg,/workspace/SDNET2018_LIMPIO/W/UW/7081-49.jpg,W,0,1,0.8815282583236694,name 'cantidad' is not defined
7080-51.jpg,/workspace/SDNET2018_LIMPIO/W/UW/7080-51.jpg,W,0,1,0.702884316444397,name 'cantidad' is not defined
7078-193.jpg,/workspace/SDNET2018_LIMPIO/W/UW/7078-193.jpg,W,0,1,0.592011034488678,name 'cantidad' is not defined
092-94.jpg,/workspace/SDNET2018_LIMPIO/P/CP/092-94.jpg,P,1,1,0.948714017868042,name 'cantidad' is not defined
020-135.jpg,/workspace/SDNET2018_LIMPIO/P/CP/020-135.jpg,P,1,1,0.9895179867744446,name 'cantidad' is not defined
7022-1.jpg,/workspace/SDNET2018_LIMPIO/D/UD/7022-1.jpg,D,0,1,0.7782707214355469,name 'cantidad' is not defined
017-94.jpg,/workspace/SDNET2018_LIMPIO/P/CP/017-94.jpg,P,1,1,0.9044627547264099,name 'cantidad' is not defined
025-145.jpg,/workspace/SDNET2018_LIMPIO/P/UP/025-145.jpg,P,0,1,0.6820570826530457,name 'cantidad' is not defined
7007-37.jpg,/workspace/SDNET2018_LIMPIO/D/CD/7007-37.jpg,D,1,1,0.9997373223304749,name 'cantidad' is not defined
044-134.jpg,/workspace/SDNET2018_LIMPIO/P/UP/044-134.jpg,P,0,1,0.9111315011978149,name 'cantidad' is not defined
7087-141.jpg,/workspace/SDNET2018_LIMPIO/W/CW/7087-141.jpg,W,1,1,0.9996932744979858,name 'cantidad' is not defined
7077-11.jpg,/workspace/SDNET2018_LIMPIO/W/CW/7077-11.jpg,W,1,1,0.559968888759613,name 'cantidad' is not defined
7110-5.jpg,/workspace/SDNET2018_LIMPIO/W/CW/7110-5.jpg,W,1,1,1.0,name 'cantidad' is not defined
018-105.jpg,/workspace/SDNET2018_LIMPIO/P/CP/018-105.jpg,P,1,1,0.9998176693916321,name 'cantidad' is not defined
7117-191.jpg,/workspace/SDNET2018_LIMPIO/W/CW/7117-191.jpg,W,1,1,0.9884190559387207,name 'cantidad' is not defined
7093-122.jpg,/workspace/SDNET2018_LIMPIO/W/UW/7093-122.jpg,W,0,1,0.5537290573120117,name 'cantidad' is not defined
7081-171.jpg,/workspace/SDNET2018_LIMPIO/W/CW/7081-171.jpg,W,1,1,0.9999814033508301,name 'cantidad' is not defined
076-159.jpg,/workspace/SDNET2018_LIMPIO/P/CP/076-159.jpg,P,1,1,0.98128741979599,name 'cantidad' is not defined
035-122.jpg,/workspace/SDNET2018_LIMPIO/P/CP/035-122.jpg,P,1,1,0.9996169805526733,name 'cantidad' is not defined
7103-79.jpg,/workspace/SDNET2018_LIMPIO/W/CW/7103-79.jpg,W,1,1,0.9991874098777771,name 'cantidad' is not defined
7086-58.jpg,/workspace/SDNET2018_LIMPIO/W/CW/7086-58.jpg,W,1,1,0.5027462244033813,name 'cantidad' is not defined
7121-221.jpg,/workspace/SDNET2018_LIMPIO/W/UW/7121-221.jpg,W,0,1,0.5947595834732056,name 'cantidad' is not defined
7105-32.jpg,/workspace/SDNET2018_LIMPIO/W/UW/7105-32.jpg,W,0,1,0.6489055156707764,name 'cantidad' is not defined
079-74.jpg,/workspace/SDNET2018_LIMPIO/P/CP/079-74.jpg,P,1,1,0.9999988079071045,name 'cantidad' is not defined
100-27.jpg,/workspace/SDNET2018_LIMPIO/P/UP/100-27.jpg,P,0,1,0.9888441562652588,name 'cantidad' is not defined
7053-181.jpg,/workspace/SDNET2018_LIMPIO/D/UD/7053-181.jpg,D,0,1,0.7014680504798889,name 'cantidad' is not defined
7130-186.jpg,/workspace/SDNET2018_LIMPIO/W/CW/7130-186.jpg,W,1,1,0.9977098703384399,name 'cantidad' is not defined
7079-237.jpg,/workspace/SDNET2018_LIMPIO/W/UW/7079-237.jpg,W,0,1,0.6072139143943787,name 'cantidad' is not defined
7084-156.jpg,/workspace/SDNET2018_LIMPIO/W/CW/7084-156.jpg,W,1,1,0.7670018672943115,name 'cantidad' is not defined
100-56.jpg,/workspace/SDNET2018_LIMPIO/P/CP/100-56.jpg,P,1,1,0.9336169362068176,name 'cantidad' is not defined
7028-72.jpg,/workspace/SDNET2018_LIMPIO/D/UD/7028-72.jpg,D,0,1,0.5475971698760986,name 'cantidad' is not defined
7057-187.jpg,/workspace/SDNET2018_LIMPIO/D/UD/7057-187.jpg,D,0,1,0.9735738039016724,name 'cantidad' is not defined
7030-215.jpg,/workspace/SDNET2018_LIMPIO/D/UD/7030-215.jpg,D,0,1,0.5088752508163452,name 'cantidad' is not defined
7074-189.jpg,/workspace/SDNET2018_LIMPIO/W/CW/7074-189.jpg,W,1,1,0.9999160766601562,name 'cantidad' is not defined
7071-124.jpg,/workspace/SDNET2018_LIMPIO/W/UW/7071-124.jpg,W,0,1,0.6317553520202637,name 'cantidad' is not defined
7006-25.jpg,/workspace/SDNET2018_LIMPIO/D/UD/7006-25.jpg,D,0,1,0.575506865978241,name 'cantidad' is not defined
068-100.jpg,/workspace/SDNET2018_LIMPIO/P/CP/068-100.jpg,P,1,1,0.9999605417251587,name 'cantidad' is not defined
7093-60.jpg,/workspace/SDNET2018_LIMPIO/W/CW/7093-60.jpg,W,1,1,0.5930958986282349,name 'cantidad' is not defined
7113-191.jpg,/workspace/SDNET2018_LIMPIO/W/CW/7113-191.jpg,W,1,1,0.6343089938163757,name 'cantidad' is not defined
7089-99.jpg,/workspace/SDNET2018_LIMPIO/W/CW/7089-99.jpg,W,1,1,0.9999868869781494,name 'cantidad' is not defined
7008-58.jpg,/workspace/SDNET2018_LIMPIO/D/CD/7008-58.jpg,D,1,1,0.745953381061554,name 'cantidad' is not defined
7070-45.jpg,/workspace/SDNET2018_LIMPIO/W/CW/7070-45.jpg,W,1,1,0.9999661445617676,name 'cantidad' is not defined
7099-226.jpg,/workspace/SDNET2018_LIMPIO/W/CW/7099-226.jpg,W,1,1,0.9999934434890747,name 'cantidad' is not defined
7085-50.jpg,/workspace/SDNET2018_LIMPIO/W/CW/7085-50.jpg,W,1,1,0.8518917560577393,name 'cantidad' is not defined
7021-61.jpg,/workspace/SDNET2018_LIMPIO/D/CD/7021-61.jpg,D,1,1,0.5092620849609375,name 'cantidad' is not defined
019-117.jpg,/workspace/SDNET2018_LIMPIO/P/CP/019-117.jpg,P,1,1,0.9173122644424438,name 'cantidad' is not defined
087-130.jpg,/workspace/SDNET2018_LIMPIO/P/UP/087-130.jpg,P,0,1,0.5626053810119629,name 'cantidad' is not defined
7082-118.jpg,/workspace/SDNET2018_LIMPIO/W/CW/7082-118.jpg,W,1,1,1.0,name 'cantidad' is not defined
7125-137.jpg,/workspace/SDNET2018_LIMPIO/W/CW/7125-137.jpg,W,1,1,0.9998645782470703,name 'cantidad' is not defined
7080-69.jpg,/workspace/SDNET2018_LIMPIO/W/UW/7080-69.jpg,W,0,1,0.6512178182601929,name 'cantidad' is not defined
7028-228.jpg,/workspace/SDNET2018_LIMPIO/D/UD/7028-228.jpg,D,0,1,0.535138726234436,name 'cantidad' is not defined
7094-109.jpg,/workspace/SDNET2018_LIMPIO/W/UW/7094-109.jpg,W,0,1,0.5577638149261475,name 'cantidad' is not defined
087-23.jpg,/workspace/SDNET2018_LIMPIO/P/CP/087-23.jpg,P,1,1,0.9999598264694214,name 'cantidad' is not defined
7090-82.jpg,/workspace/SDNET2018_LIMPIO/W/UW/7090-82.jpg,W,0,1,0.5557382702827454,name 'cantidad' is not defined
7087-202.jpg,/workspace/SDNET2018_LIMPIO/W/CW/7087-202.jpg,W,1,1,0.8165942430496216,name 'cantidad' is not defined
7137-141.jpg,/workspace/SDNET2018_LIMPIO/W/UW/7137-141.jpg,W,0,1,0.7272104620933533,name 'cantidad' is not defined
7115-152.jpg,/workspace/SDNET2018_LIMPIO/W/CW/7115-152.jpg,W,1,1,0.9660859107971191,name 'cantidad' is not defined
7126-164.jpg,/workspace/SDNET2018_LIMPIO/W/CW/7126-164.jpg,W,1,1,0.6183966994285583,name 'cantidad' is not defined
7051-2.jpg,/workspace/SDNET2018_LIMPIO/D/UD/7051-2.jpg,D,0,1,0.6860349178314209,name 'cantidad' is not defined
7021-64.jpg,/workspace/SDNET2018_LIMPIO/D/CD/7021-64.jpg,D,1,1,0.6977835893630981,name 'cantidad' is not defined
104-7.jpg,/workspace/SDNET2018_LIMPIO/P/UP/104-7.jpg,P,0,1,0.7605658769607544,name 'cantidad' is not defined
7017-61.jpg,/workspace/SDNET2018_LIMPIO/D/CD/7017-61.jpg,D,1,1,0.9435182213783264,name 'cantidad' is not defined
7097-151.jpg,/workspace/SDNET2018_LIMPIO/W/CW/7097-151.jpg,W,1,1,0.9998797178268433,name 'cantidad' is not defined
7076-188.jpg,/workspace/SDNET2018_LIMPIO/W/CW/7076-188.jpg,W,1,1,0.7573854923248291,name 'cantidad' is not defined
7083-67.jpg,/workspace/SDNET2018_LIMPIO/W/UW/7083-67.jpg,W,0,1,0.9024908542633057,name 'cantidad' is not defined
017-95.jpg,/workspace/SDNET2018_LIMPIO/P/CP/017-95.jpg,P,1,1,0.9790965914726257,name 'cantidad' is not defined
012-63.jpg,/workspace/SDNET2018_LIMPIO/P/UP/012-63.jpg,P,0,1,0.884844183921814,name 'cantidad' is not defined
7003-238.jpg,/workspace/SDNET2018_LIMPIO/D/UD/7003-238.jpg,D,0,1,0.6381857991218567,name 'cantidad' is not defined
083-140.jpg,/workspace/SDNET2018_LIMPIO/P/CP/083-140.jpg,P,1,1,0.975832998752594,name 'cantidad' is not defined
7089-178.jpg,/workspace/SDNET2018_LIMPIO/W/UW/7089-178.jpg,W,0,1,0.5586968660354614,name 'cantidad' is not defined
042-118.jpg,/workspace/SDNET2018_LIMPIO/P/CP/042-118.jpg,P,1,1,0.9663282036781311,name 'cantidad' is not defined
100-225.jpg,/workspace/SDNET2018_LIMPIO/P/CP/100-225.jpg,P,1,1,0.7231842875480652,name 'cantidad' is not defined
7129-10.jpg,/workspace/SDNET2018_LIMPIO/W/CW/7129-10.jpg,W,1,1,0.9988704323768616,name 'cantidad' is not defined
7102-112.jpg,/workspace/SDNET2018_LIMPIO/W/UW/7102-112.jpg,W,0,1,0.6225623488426208,name 'cantidad' is not defined
7090-91.jpg,/workspace/SDNET2018_LIMPIO/W/CW/7090-91.jpg,W,1,1,0.9944605827331543,name 'cantidad' is not defined
7054-135.jpg,/workspace/SDNET2018_LIMPIO/D/CD/7054-135.jpg,D,1,1,0.9676748514175415,name 'cantidad' is not defined
7007-79.jpg,/workspace/SDNET2018_LIMPIO/D/CD/7007-79.jpg,D,1,1,0.6943405270576477,name 'cantidad' is not defined
7008-195.jpg,/workspace/SDNET2018_LIMPIO/D/UD/7008-195.jpg,D,0,1,0.7175456881523132,name 'cantidad' is not defined
7119-14.jpg,/workspace/SDNET2018_LIMPIO/W/UW/7119-14.jpg,W,0,1,0.7699065208435059,name 'cantidad' is not defined
012-89.jpg,/workspace/SDNET2018_LIMPIO/P/UP/012-89.jpg,P,0,1,0.9926708936691284,name 'cantidad' is not defined
7057-5.jpg,/workspace/SDNET2018_LIMPIO/D/UD/7057-5.jpg,D,0,1,0.9071990847587585,name 'cantidad' is not defined
7076-35.jpg,/workspace/SDNET2018_LIMPIO/W/UW/7076-35.jpg,W,0,1,0.5975794196128845,name 'cantidad' is not defined
7007-71.jpg,/workspace/SDNET2018_LIMPIO/D/UD/7007-71.jpg,D,0,1,0.5826057195663452,name 'cantidad' is not defined
060-116.jpg,/workspace/SDNET2018_LIMPIO/P/UP/060-116.jpg,P,0,1,0.536916196346283,name 'cantidad' is not defined
025-60.jpg,/workspace/SDNET2018_LIMPIO/P/UP/025-60.jpg,P,0,1,0.9317966103553772,name 'cantidad' is not defined
015-189.jpg,/workspace/SDNET2018_LIMPIO/P/UP/015-189.jpg,P,0,1,0.6755232214927673,name 'cantidad' is not defined
096-178.jpg,/workspace/SDNET2018_LIMPIO/P/UP/096-178.jpg,P,0,1,0.7508738040924072,name 'cantidad' is not defined
7026-80.jpg,/workspace/SDNET2018_LIMPIO/D/UD/7026-80.jpg,D,0,1,0.7632033228874207,name 'cantidad' is not defined
7070-40.jpg,/workspace/SDNET2018_LIMPIO/W/CW/7070-40.jpg,W,1,1,0.510391891002655,name 'cantidad' is not defined
7079-177.jpg,/workspace/SDNET2018_LIMPIO/W/CW/7079-177.jpg,W,1,1,0.7549017667770386,name 'cantidad' is not defined
7052-120.jpg,/workspace/SDNET2018_LIMPIO/D/UD/7052-120.jpg,D,0,1,0.8407771587371826,name 'cantidad' is not defined
7115-7.jpg,/workspace/SDNET2018_LIMPIO/W/CW/7115-7.jpg,W,1,1,0.9999555349349976,name 'cantidad' is not defined
017-63.jpg,/workspace/SDNET2018_LIMPIO/P/UP/017-63.jpg,P,0,1,0.5228948593139648,name 'cantidad' is not defined
7016-185.jpg,/workspace/SDNET2018_LIMPIO/D/CD/7016-185.jpg,D,1,1,0.6688467860221863,name 'cantidad' is not defined
011-82.jpg,/workspace/SDNET2018_LIMPIO/P/UP/011-82.jpg,P,0,1,0.5066953301429749,name 'cantidad' is not defined
7001-177.jpg,/workspace/SDNET2018_LIMPIO/D/UD/7001-177.jpg,D,0,1,0.6691074967384338,name 'cantidad' is not defined
7003-64.jpg,/workspace/SDNET2018_LIMPIO/D/UD/7003-64.jpg,D,0,1,0.5386912822723389,name 'cantidad' is not defined
104-69.jpg,/workspace/SDNET2018_LIMPIO/P/UP/104-69.jpg,P,0,1,0.6448562145233154,name 'cantidad' is not defined
7079-21.jpg,/workspace/SDNET2018_LIMPIO/W/CW/7079-21.jpg,W,1,1,0.9856510758399963,name 'cantidad' is not defined
7086-9.jpg,/workspace/SDNET2018_LIMPIO/W/CW/7086-9.jpg,W,1,1,0.9999994039535522,name 'cantidad' is not defined
7085-37.jpg,/workspace/SDNET2018_LIMPIO/W/UW/7085-37.jpg,W,0,1,0.5828381180763245,name 'cantidad' is not defined
7111-244.jpg,/workspace/SDNET2018_LIMPIO/W/CW/7111-244.jpg,W,1,1,0.6133373975753784,name 'cantidad' is not defined
025-130.jpg,/workspace/SDNET2018_LIMPIO/P/UP/025-130.jpg,P,0,1,0.5006924867630005,name 'cantidad' is not defined
7039-131.jpg,/workspace/SDNET2018_LIMPIO/D/UD/7039-131.jpg,D,0,1,0.5816965103149414,name 'cantidad' is not defined
7073-206.jpg,/workspace/SDNET2018_LIMPIO/W/CW/7073-206.jpg,W,1,1,0.7874581217765808,name 'cantidad' is not defined
7119-127.jpg,/workspace/SDNET2018_LIMPIO/W/UW/7119-127.jpg,W,0,1,0.6609911322593689,name 'cantidad' is not defined
7124-69.jpg,/workspace/SDNET2018_LIMPIO/W/UW/7124-69.jpg,W,0,1,0.5146715641021729,name 'cantidad' is not defined
7115-47.jpg,/workspace/SDNET2018_LIMPIO/W/CW/7115-47.jpg,W,1,1,0.9914311766624451,name 'cantidad' is not defined
7118-167.jpg,/workspace/SDNET2018_LIMPIO/W/UW/7118-167.jpg,W,0,1,0.7845545411109924,name 'cantidad' is not defined
004-125.jpg,/workspace/SDNET2018_LIMPIO/P/CP/004-125.jpg,P,1,1,0.8333044648170471,name 'cantidad' is not defined
7127-24.jpg,/workspace/SDNET2018_LIMPIO/W/CW/7127-24.jpg,W,1,1,0.971044659614563,name 'cantidad' is not defined
024-122.jpg,/workspace/SDNET2018_LIMPIO/P/UP/024-122.jpg,P,0,1,0.6562948822975159,name 'cantidad' is not defined
7027-209.jpg,/workspace/SDNET2018_LIMPIO/D/CD/7027-209.jpg,D,1,1,0.9886999726295471,name 'cantidad' is not defined
7069-59.jpg,/workspace/SDNET2018_LIMPIO/W/CW/7069-59.jpg,W,1,1,0.8906564116477966,name 'cantidad' is not defined
091-103.jpg,/workspace/SDNET2018_LIMPIO/P/UP/091-103.jpg,P,0,1,0.9370443820953369,name 'cantidad' is not defined
7086-236.jpg,/workspace/SDNET2018_LIMPIO/W/UW/7086-236.jpg,W,0,1,0.7013887166976929,name 'cantidad' is not defined
033-201.jpg,/workspace/SDNET2018_LIMPIO/P/UP/033-201.jpg,P,0,1,0.9977030158042908,name 'cantidad' is not defined
7052-128.jpg,/workspace/SDNET2018_LIMPIO/D/UD/7052-128.jpg,D,0,1,0.5629315376281738,name 'cantidad' is not defined
7089-162.jpg,/workspace/SDNET2018_LIMPIO/W/CW/7089-162.jpg,W,1,1,0.5628125071525574,name 'cantidad' is not defined
103-199.jpg,/workspace/SDNET2018_LIMPIO/P/CP/103-199.jpg,P,1,1,0.845221757888794,name 'cantidad' is not defined
7105-31.jpg,/workspace/SDNET2018_LIMPIO/W/UW/7105-31.jpg,W,0,1,0.9609324932098389,name 'cantidad' is not defined
7118-246.jpg,/workspace/SDNET2018_LIMPIO/W/UW/7118-246.jpg,W,0,1,0.6021232008934021,name 'cantidad' is not defined
7025-157.jpg,/workspace/SDNET2018_LIMPIO/D/UD/7025-157.jpg,D,0,1,0.9690583348274231,name 'cantidad' is not defined
053-22.jpg,/workspace/SDNET2018_LIMPIO/P/UP/053-22.jpg,P,0,1,0.5823789238929749,name 'cantidad' is not defined
7040-171.jpg,/workspace/SDNET2018_LIMPIO/D/CD/7040-171.jpg,D,1,1,0.8556561470031738,name 'cantidad' is not defined
7003-181.jpg,/workspace/SDNET2018_LIMPIO/D/UD/7003-181.jpg,D,0,1,0.6005234718322754,name 'cantidad' is not defined
7019-39.jpg,/workspace/SDNET2018_LIMPIO/D/CD/7019-39.jpg,D,1,1,0.9999980926513672,name 'cantidad' is not defined
004-130.jpg,/workspace/SDNET2018_LIMPIO/P/CP/004-130.jpg,P,1,1,0.9990906715393066,name 'cantidad' is not defined
066-104.jpg,/workspace/SDNET2018_LIMPIO/P/CP/066-104.jpg,P,1,1,0.5916670560836792,name 'cantidad' is not defined
063-165.jpg,/workspace/SDNET2018_LIMPIO/P/CP/063-165.jpg,P,1,1,0.9307476282119751,name 'cantidad' is not defined
055-153.jpg,/workspace/SDNET2018_LIMPIO/P/UP/055-153.jpg,P,0,1,0.7556591033935547,name 'cantidad' is not defined
7116-100.jpg,/workspace/SDNET2018_LIMPIO/W/UW/7116-100.jpg,W,0,1,0.6141490340232849,name 'cantidad' is not defined
7078-138.jpg,/workspace/SDNET2018_LIMPIO/W/CW/7078-138.jpg,W,1,1,0.98494553565979,name 'cantidad' is not defined
7114-127.jpg,/workspace/SDNET2018_LIMPIO/W/UW/7114-127.jpg,W,0,1,0.5144096612930298,name 'cantidad' is not defined
7084-52.jpg,/workspace/SDNET2018_LIMPIO/W/UW/7084-52.jpg,W,0,1,0.7486588358879089,name 'cantidad' is not defined
7115-95.jpg,/workspace/SDNET2018_LIMPIO/W/UW/7115-95.jpg,W,0,1,0.537333607673645,name 'cantidad' is not defined
7091-154.jpg,/workspace/SDNET2018_LIMPIO/W/CW/7091-154.jpg,W,1,1,0.9995781779289246,name 'cantidad' is not defined
7129-206.jpg,/workspace/SDNET2018_LIMPIO/W/CW/7129-206.jpg,W,1,1,0.9999319314956665,name 'cantidad' is not defined
7088-69.jpg,/workspace/SDNET2018_LIMPIO/W/CW/7088-69.jpg,W,1,1,0.6186190247535706,name 'cantidad' is not defined
7109-121.jpg,/workspace/SDNET2018_LIMPIO/W/UW/7109-121.jpg,W,0,1,0.9941691160202026,name 'cantidad' is not defined
7069-211.jpg,/workspace/SDNET2018_LIMPIO/W/CW/7069-211.jpg,W,1,1,0.9939128756523132,name 'cantidad' is not defined
7126-220.jpg,/workspace/SDNET2018_LIMPIO/W/CW/7126-220.jpg,W,1,1,0.9999555349349976,name 'cantidad' is not defined
100-104.jpg,/workspace/SDNET2018_LIMPIO/P/UP/100-104.jpg,P,0,1,0.8319226503372192,name 'cantidad' is not defined
7081-9.jpg,/workspace/SDNET2018_LIMPIO/W/CW/7081-9.jpg,W,1,1,0.9999963045120239,name 'cantidad' is not defined
7084-124.jpg,/workspace/SDNET2018_LIMPIO/W/UW/7084-124.jpg,W,0,1,0.6949630975723267,name 'cantidad' is not defined
7027-186.jpg,/workspace/SDNET2018_LIMPIO/D/UD/7027-186.jpg,D,0,1,0.8978022336959839,name 'cantidad' is not defined
7119-98.jpg,/workspace/SDNET2018_LIMPIO/W/CW/7119-98.jpg,W,1,1,0.8187173008918762,name 'cantidad' is not defined
7004-220.jpg,/workspace/SDNET2018_LIMPIO/D/UD/7004-220.jpg,D,0,1,0.734962522983551,name 'cantidad' is not defined
044-202.jpg,/workspace/SDNET2018_LIMPIO/P/UP/044-202.jpg,P,0,1,0.5755648612976074,name 'cantidad' is not defined
7081-111.jpg,/workspace/SDNET2018_LIMPIO/W/UW/7081-111.jpg,W,0,1,0.5709772109985352,name 'cantidad' is not defined
7072-61.jpg,/workspace/SDNET2018_LIMPIO/W/CW/7072-61.jpg,W,1,1,0.9999997615814209,name 'cantidad' is not defined
076-43.jpg,/workspace/SDNET2018_LIMPIO/P/CP/076-43.jpg,P,1,1,0.9999936819076538,name 'cantidad' is not defined
084-88.jpg,/workspace/SDNET2018_LIMPIO/P/UP/084-88.jpg,P,0,1,0.7098700404167175,name 'cantidad' is not defined
7093-132.jpg,/workspace/SDNET2018_LIMPIO/W/UW/7093-132.jpg,W,0,1,0.8822433352470398,name 'cantidad' is not defined
084-114.jpg,/workspace/SDNET2018_LIMPIO/P/CP/084-114.jpg,P,1,1,0.9995138645172119,name 'cantidad' is not defined
096-196.jpg,/workspace/SDNET2018_LIMPIO/P/UP/096-196.jpg,P,0,1,0.5924364328384399,name 'cantidad' is not defined
7051-132.jpg,/workspace/SDNET2018_LIMPIO/D/UD/7051-132.jpg,D,0,1,0.9182984828948975,name 'cantidad' is not defined
7025-47.jpg,/workspace/SDNET2018_LIMPIO/D/CD/7025-47.jpg,D,1,1,0.9998552799224854,name 'cantidad' is not defined
7012-131.jpg,/workspace/SDNET2018_LIMPIO/D/UD/7012-131.jpg,D,0,1,0.7141851186752319,name 'cantidad' is not defined
7050-33.jpg,/workspace/SDNET2018_LIMPIO/D/UD/7050-33.jpg,D,0,1,0.5549538731575012,name 'cantidad' is not defined
7016-95.jpg,/workspace/SDNET2018_LIMPIO/D/UD/7016-95.jpg,D,0,1,0.5046816468238831,name 'cantidad' is not defined
101-179.jpg,/workspace/SDNET2018_LIMPIO/P/UP/101-179.jpg,P,0,1,0.8900569677352905,name 'cantidad' is not defined
7022-93.jpg,/workspace/SDNET2018_LIMPIO/D/CD/7022-93.jpg,D,1,1,0.8526791334152222,name 'cantidad' is not defined
7028-120.jpg,/workspace/SDNET2018_LIMPIO/D/CD/7028-120.jpg,D,1,1,0.5408872961997986,name 'cantidad' is not defined
7089-83.jpg,/workspace/SDNET2018_LIMPIO/W/UW/7089-83.jpg,W,0,1,0.5482984781265259,name 'cantidad' is not defined
036-223.jpg,/workspace/SDNET2018_LIMPIO/P/UP/036-223.jpg,P,0,1,0.5071981549263,name 'cantidad' is not defined
101-108.jpg,/workspace/SDNET2018_LIMPIO/P/UP/101-108.jpg,P,0,1,0.9217066764831543,name 'cantidad' is not defined
7048-215.jpg,/workspace/SDNET2018_LIMPIO/D/UD/7048-215.jpg,D,0,1,0.7113373279571533,name 'cantidad' is not defined
7131-119.jpg,/workspace/SDNET2018_LIMPIO/W/UW/7131-119.jpg,W,0,1,0.6330626010894775,name 'cantidad' is not defined
7124-85.jpg,/workspace/SDNET2018_LIMPIO/W/CW/7124-85.jpg,W,1,1,0.9998650550842285,name 'cantidad' is not defined
7118-180.jpg,/workspace/SDNET2018_LIMPIO/W/UW/7118-180.jpg,W,0,1,0.597495973110199,name 'cantidad' is not defined
7086-98.jpg,/workspace/SDNET2018_LIMPIO/W/CW/7086-98.jpg,W,1,1,0.9999144077301025,name 'cantidad' is not defined
7110-62.jpg,/workspace/SDNET2018_LIMPIO/W/CW/7110-62.jpg,W,1,1,0.9998562335968018,name 'cantidad' is not defined
7116-4.jpg,/workspace/SDNET2018_LIMPIO/W/CW/7116-4.jpg,W,1,1,0.52070552110672,name 'cantidad' is not defined
7016-51.jpg,/workspace/SDNET2018_LIMPIO/D/UD/7016-51.jpg,D,0,1,0.9999852180480957,name 'cantidad' is not defined
041-192.jpg,/workspace/SDNET2018_LIMPIO/P/UP/041-192.jpg,P,0,1,0.5138499736785889,name 'cantidad' is not defined
045-212.jpg,/workspace/SDNET2018_LIMPIO/P/UP/045-212.jpg,P,0,1,0.9988862872123718,name 'cantidad' is not defined
095-146.jpg,/workspace/SDNET2018_LIMPIO/P/UP/095-146.jpg,P,0,1,0.8620069622993469,name 'cantidad' is not defined
7093-137.jpg,/workspace/SDNET2018_LIMPIO/W/UW/7093-137.jpg,W,0,1,0.9640318751335144,name 'cantidad' is not defined
7093-139.jpg,/workspace/SDNET2018_LIMPIO/W/UW/7093-139.jpg,W,0,1,0.9826746582984924,name 'cantidad' is not defined
7097-25.jpg,/workspace/SDNET2018_LIMPIO/W/CW/7097-25.jpg,W,1,1,0.9999346733093262,name 'cantidad' is not defined
035-59.jpg,/workspace/SDNET2018_LIMPIO/P/CP/035-59.jpg,P,1,1,0.6757372617721558,name 'cantidad' is not defined
095-127.jpg,/workspace/SDNET2018_LIMPIO/P/UP/095-127.jpg,P,0,1,0.8336408734321594,name 'cantidad' is not defined
7069-124.jpg,/workspace/SDNET2018_LIMPIO/W/UW/7069-124.jpg,W,0,1,0.6897675395011902,name 'cantidad' is not defined
7070-33.jpg,/workspace/SDNET2018_LIMPIO/W/CW/7070-33.jpg,W,1,1,0.9977039694786072,name 'cantidad' is not defined
7140-93.jpg,/workspace/SDNET2018_LIMPIO/W/UW/7140-93.jpg,W,0,1,0.6398568749427795,name 'cantidad' is not defined
7046-118.jpg,/workspace/SDNET2018_LIMPIO/D/CD/7046-118.jpg,D,1,1,0.9999953508377075,name 'cantidad' is not defined
7076-130.jpg,/workspace/SDNET2018_LIMPIO/W/UW/7076-130.jpg,W,0,1,0.5617660880088806,name 'cantidad' is not defined
7048-164.jpg,/workspace/SDNET2018_LIMPIO/D/UD/7048-164.jpg,D,0,1,0.5083627104759216,name 'cantidad' is not defined
7087-164.jpg,/workspace/SDNET2018_LIMPIO/W/CW/7087-164.jpg,W,1,1,0.517318069934845,name 'cantidad' is not defined
7080-245.jpg,/workspace/SDNET2018_LIMPIO/W/UW/7080-245.jpg,W,0,1,0.6643515825271606,name 'cantidad' is not defined
7087-126.jpg,/workspace/SDNET2018_LIMPIO/W/UW/7087-126.jpg,W,0,1,0.5561091303825378,name 'cantidad' is not defined
7072-227.jpg,/workspace/SDNET2018_LIMPIO/W/CW/7072-227.jpg,W,1,1,0.999941349029541,name 'cantidad' is not defined
7024-154.jpg,/workspace/SDNET2018_LIMPIO/D/UD/7024-154.jpg,D,0,1,0.5789808630943298,name 'cantidad' is not defined
7009-149.jpg,/workspace/SDNET2018_LIMPIO/D/UD/7009-149.jpg,D,0,1,0.8080551624298096,name 'cantidad' is not defined
7121-111.jpg,/workspace/SDNET2018_LIMPIO/W/CW/7121-111.jpg,W,1,1,0.5614809393882751,name 'cantidad' is not defined
7126-67.jpg,/workspace/SDNET2018_LIMPIO/W/UW/7126-67.jpg,W,0,1,0.7112523913383484,name 'cantidad' is not defined
7071-46.jpg,/workspace/SDNET2018_LIMPIO/W/CW/7071-46.jpg,W,1,1,0.8433713316917419,name 'cantidad' is not defined
087-135.jpg,/workspace/SDNET2018_LIMPIO/P/CP/087-135.jpg,P,1,1,0.7573083639144897,name 'cantidad' is not defined
7116-44.jpg,/workspace/SDNET2018_LIMPIO/W/CW/7116-44.jpg,W,1,1,0.8489223718643188,name 'cantidad' is not defined
7073-155.jpg,/workspace/SDNET2018_LIMPIO/W/CW/7073-155.jpg,W,1,1,0.9999300241470337,name 'cantidad' is not defined
7034-150.jpg,/workspace/SDNET2018_LIMPIO/D/UD/7034-150.jpg,D,0,1,0.5390303730964661,name 'cantidad' is not defined
7105-150.jpg,/workspace/SDNET2018_LIMPIO/W/UW/7105-150.jpg,W,0,1,0.7974585890769958,name 'cantidad' is not defined
071-97.jpg,/workspace/SDNET2018_LIMPIO/P/CP/071-97.jpg,P,1,1,0.9999984502792358,name 'cantidad' is not defined
7087-227.jpg,/workspace/SDNET2018_LIMPIO/W/CW/7087-227.jpg,W,1,1,0.7175050377845764,name 'cantidad' is not defined
7119-96.jpg,/workspace/SDNET2018_LIMPIO/W/CW/7119-96.jpg,W,1,1,0.9998689889907837,name 'cantidad' is not defined
7122-41.jpg,/workspace/SDNET2018_LIMPIO/W/UW/7122-41.jpg,W,0,1,0.7921192646026611,name 'cantidad' is not defined
7128-26.jpg,/workspace/SDNET2018_LIMPIO/W/CW/7128-26.jpg,W,1,1,0.9965587258338928,name 'cantidad' is not defined
095-203.jpg,/workspace/SDNET2018_LIMPIO/P/CP/095-203.jpg,P,1,1,0.7992697954177856,name 'cantidad' is not defined
7043-126.jpg,/workspace/SDNET2018_LIMPIO/D/UD/7043-126.jpg,D,0,1,0.5803613662719727,name 'cantidad' is not defined
095-95.jpg,/workspace/SDNET2018_LIMPIO/P/CP/095-95.jpg,P,1,1,1.0,name 'cantidad' is not defined
7088-177.jpg,/workspace/SDNET2018_LIMPIO/W/CW/7088-177.jpg,W,1,1,0.999931812286377,name 'cantidad' is not defined
7023-167.jpg,/workspace/SDNET2018_LIMPIO/D/CD/7023-167.jpg,D,1,1,0.7598935961723328,name 'cantidad' is not defined
7087-208.jpg,/workspace/SDNET2018_LIMPIO/W/CW/7087-208.jpg,W,1,1,0.9996976852416992,name 'cantidad' is not defined
7077-98.jpg,/workspace/SDNET2018_LIMPIO/W/CW/7077-98.jpg,W,1,1,0.5809004306793213,name 'cantidad' is not defined
7088-213.jpg,/workspace/SDNET2018_LIMPIO/W/CW/7088-213.jpg,W,1,1,0.988645076751709,name 'cantidad' is not defined
7051-186.jpg,/workspace/SDNET2018_LIMPIO/D/UD/7051-186.jpg,D,0,1,0.932615339756012,name 'cantidad' is not defined
7103-86.jpg,/workspace/SDNET2018_LIMPIO/W/UW/7103-86.jpg,W,0,1,0.5355549454689026,name 'cantidad' is not defined
7017-101.jpg,/workspace/SDNET2018_LIMPIO/D/UD/7017-101.jpg,D,0,1,0.5147258043289185,name 'cantidad' is not defined
7004-217.jpg,/workspace/SDNET2018_LIMPIO/D/UD/7004-217.jpg,D,0,1,0.9297032952308655,name 'cantidad' is not defined
031-167.jpg,/workspace/SDNET2018_LIMPIO/P/UP/031-167.jpg,P,0,1,0.5305362343788147,name 'cantidad' is not defined
057-187.jpg,/workspace/SDNET2018_LIMPIO/P/UP/057-187.jpg,P,0,1,0.5164046883583069,name 'cantidad' is not defined
7080-56.jpg,/workspace/SDNET2018_LIMPIO/W/UW/7080-56.jpg,W,0,1,0.7614340782165527,name 'cantidad' is not defined
043-108.jpg,/workspace/SDNET2018_LIMPIO/P/CP/043-108.jpg,P,1,1,0.6599740386009216,name 'cantidad' is not defined
7072-225.jpg,/workspace/SDNET2018_LIMPIO/W/UW/7072-225.jpg,W,0,1,0.5532860159873962,name 'cantidad' is not defined
7127-8.jpg,/workspace/SDNET2018_LIMPIO/W/CW/7127-8.jpg,W,1,1,0.981986403465271,name 'cantidad' is not defined
057-132.jpg,/workspace/SDNET2018_LIMPIO/P/CP/057-132.jpg,P,1,1,0.9998912811279297,name 'cantidad' is not defined
7085-42.jpg,/workspace/SDNET2018_LIMPIO/W/CW/7085-42.jpg,W,1,1,0.6368895769119263,name 'cantidad' is not defined
7118-243.jpg,/workspace/SDNET2018_LIMPIO/W/CW/7118-243.jpg,W,1,1,0.999142050743103,name 'cantidad' is not defined
7071-5.jpg,/workspace/SDNET2018_LIMPIO/W/CW/7071-5.jpg,W,1,1,0.9855853915214539,name 'cantidad' is not defined
018-79.jpg,/workspace/SDNET2018_LIMPIO/P/CP/018-79.jpg,P,1,1,0.9735880494117737,name 'cantidad' is not defined
101-26.jpg,/workspace/SDNET2018_LIMPIO/P/UP/101-26.jpg,P,0,1,0.6988185048103333,name 'cantidad' is not defined
7006-21.jpg,/workspace/SDNET2018_LIMPIO/D/UD/7006-21.jpg,D,0,1,0.5074314475059509,name 'cantidad' is not defined
7109-114.jpg,/workspace/SDNET2018_LIMPIO/W/UW/7109-114.jpg,W,0,1,0.5613581538200378,name 'cantidad' is not defined
098-93.jpg,/workspace/SDNET2018_LIMPIO/P/CP/098-93.jpg,P,1,1,0.986663818359375,name 'cantidad' is not defined
7003-239.jpg,/workspace/SDNET2018_LIMPIO/D/UD/7003-239.jpg,D,0,1,0.9351774454116821,name 'cantidad' is not defined
7099-214.jpg,/workspace/SDNET2018_LIMPIO/W/UW/7099-214.jpg,W,0,1,0.5134690403938293,name 'cantidad' is not defined
024-47.jpg,/workspace/SDNET2018_LIMPIO/P/UP/024-47.jpg,P,0,1,0.871735155582428,name 'cantidad' is not defined
7115-96.jpg,/workspace/SDNET2018_LIMPIO/W/CW/7115-96.jpg,W,1,1,0.9999899864196777,name 'cantidad' is not defined
7075-111.jpg,/workspace/SDNET2018_LIMPIO/W/UW/7075-111.jpg,W,0,1,0.5723142623901367,name 'cantidad' is not defined
7027-71.jpg,/workspace/SDNET2018_LIMPIO/D/CD/7027-71.jpg,D,1,1,0.9996684789657593,name 'cantidad' is not defined
7092-166.jpg,/workspace/SDNET2018_LIMPIO/W/CW/7092-166.jpg,W,1,1,0.9999933242797852,name 'cantidad' is not defined
7020-61.jpg,/workspace/SDNET2018_LIMPIO/D/CD/7020-61.jpg,D,1,1,0.9958828687667847,name 'cantidad' is not defined
7071-126.jpg,/workspace/SDNET2018_LIMPIO/W/UW/7071-126.jpg,W,0,1,0.5603493452072144,name 'cantidad' is not defined
7022-111.jpg,/workspace/SDNET2018_LIMPIO/D/CD/7022-111.jpg,D,1,1,0.829899787902832,name 'cantidad' is not defined
038-79.jpg,/workspace/SDNET2018_LIMPIO/P/CP/038-79.jpg,P,1,1,0.9965422749519348,name 'cantidad' is not defined
7089-201.jpg,/workspace/SDNET2018_LIMPIO/W/UW/7089-201.jpg,W,0,1,0.5666723847389221,name 'cantidad' is not defined
7109-100.jpg,/workspace/SDNET2018_LIMPIO/W/CW/7109-100.jpg,W,1,1,0.9536632895469666,name 'cantidad' is not defined
047-111.jpg,/workspace/SDNET2018_LIMPIO/P/CP/047-111.jpg,P,1,1,0.9572144150733948,name 'cantidad' is not defined
095-74.jpg,/workspace/SDNET2018_LIMPIO/P/CP/095-74.jpg,P,1,1,0.7059922814369202,name 'cantidad' is not defined
7024-144.jpg,/workspace/SDNET2018_LIMPIO/D/UD/7024-144.jpg,D,0,1,0.5145571827888489,name 'cantidad' is not defined
7016-49.jpg,/workspace/SDNET2018_LIMPIO/D/UD/7016-49.jpg,D,0,1,0.8995676040649414,name 'cantidad' is not defined
7083-196.jpg,/workspace/SDNET2018_LIMPIO/W/CW/7083-196.jpg,W,1,1,0.7370738387107849,name 'cantidad' is not defined
7089-55.jpg,/workspace/SDNET2018_LIMPIO/W/CW/7089-55.jpg,W,1,1,0.8259249925613403,name 'cantidad' is not defined
7115-87.jpg,/workspace/SDNET2018_LIMPIO/W/UW/7115-87.jpg,W,0,1,0.6290637850761414,name 'cantidad' is not defined
047-96.jpg,/workspace/SDNET2018_LIMPIO/P/CP/047-96.jpg,P,1,1,0.9754291772842407,name 'cantidad' is not defined
7071-211.jpg,/workspace/SDNET2018_LIMPIO/W/UW/7071-211.jpg,W,0,1,0.562103807926178,name 'cantidad' is not defined
024-139.jpg,/workspace/SDNET2018_LIMPIO/P/UP/024-139.jpg,P,0,1,0.9886494874954224,name 'cantidad' is not defined
7012-123.jpg,/workspace/SDNET2018_LIMPIO/D/UD/7012-123.jpg,D,0,1,0.6487929224967957,name 'cantidad' is not defined
7133-63.jpg,/workspace/SDNET2018_LIMPIO/W/CW/7133-63.jpg,W,1,1,0.9997549653053284,name 'cantidad' is not defined
044-201.jpg,/workspace/SDNET2018_LIMPIO/P/UP/044-201.jpg,P,0,1,0.6745842099189758,name 'cantidad' is not defined
7089-3.jpg,/workspace/SDNET2018_LIMPIO/W/UW/7089-3.jpg,W,0,1,0.6971970796585083,name 'cantidad' is not defined
7003-221.jpg,/workspace/SDNET2018_LIMPIO/D/UD/7003-221.jpg,D,0,1,0.8435274362564087,name 'cantidad' is not defined
095-65.jpg,/workspace/SDNET2018_LIMPIO/P/CP/095-65.jpg,P,1,1,0.8885113596916199,name 'cantidad' is not defined
104-52.jpg,/workspace/SDNET2018_LIMPIO/P/UP/104-52.jpg,P,0,1,0.717378556728363,name 'cantidad' is not defined
7052-140.jpg,/workspace/SDNET2018_LIMPIO/D/UD/7052-140.jpg,D,0,1,0.6019049286842346,name 'cantidad' is not defined
7117-213.jpg,/workspace/SDNET2018_LIMPIO/W/UW/7117-213.jpg,W,0,1,0.5725579857826233,name 'cantidad' is not defined
7108-10.jpg,/workspace/SDNET2018_LIMPIO/W/CW/7108-10.jpg,W,1,1,0.8104540705680847,name 'cantidad' is not defined
7085-117.jpg,/workspace/SDNET2018_LIMPIO/W/CW/7085-117.jpg,W,1,1,0.9089038372039795,name 'cantidad' is not defined
085-136.jpg,/workspace/SDNET2018_LIMPIO/P/CP/085-136.jpg,P,1,1,0.9218741059303284,name 'cantidad' is not defined
104-130.jpg,/workspace/SDNET2018_LIMPIO/P/UP/104-130.jpg,P,0,1,0.5504284501075745,name 'cantidad' is not defined
024-71.jpg,/workspace/SDNET2018_LIMPIO/P/UP/024-71.jpg,P,0,1,0.7896692156791687,name 'cantidad' is not defined
026-135.jpg,/workspace/SDNET2018_LIMPIO/P/CP/026-135.jpg,P,1,1,0.9999945163726807,name 'cantidad' is not defined
7078-113.jpg,/workspace/SDNET2018_LIMPIO/W/CW/7078-113.jpg,W,1,1,0.8678416609764099,name 'cantidad' is not defined
7092-100.jpg,/workspace/SDNET2018_LIMPIO/W/UW/7092-100.jpg,W,0,1,0.6112233400344849,name 'cantidad' is not defined
7113-187.jpg,/workspace/SDNET2018_LIMPIO/W/CW/7113-187.jpg,W,1,1,0.5232058763504028,name 'cantidad' is not defined
7131-118.jpg,/workspace/SDNET2018_LIMPIO/W/UW/7131-118.jpg,W,0,1,0.6594437956809998,name 'cantidad' is not defined
7079-220.jpg,/workspace/SDNET2018_LIMPIO/W/UW/7079-220.jpg,W,0,1,0.9966338276863098,name 'cantidad' is not defined
7090-160.jpg,/workspace/SDNET2018_LIMPIO/W/CW/7090-160.jpg,W,1,1,0.9006418585777283,name 'cantidad' is not defined
7016-69.jpg,/workspace/SDNET2018_LIMPIO/D/UD/7016-69.jpg,D,0,1,0.504863440990448,name 'cantidad' is not defined
7018-177.jpg,/workspace/SDNET2018_LIMPIO/D/CD/7018-177.jpg,D,1,1,0.5412116646766663,name 'cantidad' is not defined
7040-235.jpg,/workspace/SDNET2018_LIMPIO/D/CD/7040-235.jpg,D,1,1,0.9070404767990112,name 'cantidad' is not defined
7003-179.jpg,/workspace/SDNET2018_LIMPIO/D/UD/7003-179.jpg,D,0,1,0.5387442708015442,name 'cantidad' is not defined
082-98.jpg,/workspace/SDNET2018_LIMPIO/P/CP/082-98.jpg,P,1,1,0.995354175567627,name 'cantidad' is not defined
7086-25.jpg,/workspace/SDNET2018_LIMPIO/W/CW/7086-25.jpg,W,1,1,0.9821356534957886,name 'cantidad' is not defined
7092-105.jpg,/workspace/SDNET2018_LIMPIO/W/CW/7092-105.jpg,W,1,1,0.7392429113388062,name 'cantidad' is not defined
7138-10.jpg,/workspace/SDNET2018_LIMPIO/W/UW/7138-10.jpg,W,0,1,0.7021343111991882,name 'cantidad' is not defined
7079-31.jpg,/workspace/SDNET2018_LIMPIO/W/UW/7079-31.jpg,W,0,1,0.7768728733062744,name 'cantidad' is not defined
7053-182.jpg,/workspace/SDNET2018_LIMPIO/D/UD/7053-182.jpg,D,0,1,0.6810727119445801,name 'cantidad' is not defined
7096-136.jpg,/workspace/SDNET2018_LIMPIO/W/UW/7096-136.jpg,W,0,1,0.5541035532951355,name 'cantidad' is not defined
089-34.jpg,/workspace/SDNET2018_LIMPIO/P/UP/089-34.jpg,P,0,1,0.542072057723999,name 'cantidad' is not defined
7080-231.jpg,/workspace/SDNET2018_LIMPIO/W/UW/7080-231.jpg,W,0,1,0.5167260766029358,name 'cantidad' is not defined
042-57.jpg,/workspace/SDNET2018_LIMPIO/P/UP/042-57.jpg,P,0,1,0.7936069965362549,name 'cantidad' is not defined
7085-99.jpg,/workspace/SDNET2018_LIMPIO/W/CW/7085-99.jpg,W,1,1,0.9956414699554443,name 'cantidad' is not defined
7086-64.jpg,/workspace/SDNET2018_LIMPIO/W/CW/7086-64.jpg,W,1,1,0.8384709358215332,name 'cantidad' is not defined
7117-71.jpg,/workspace/SDNET2018_LIMPIO/W/UW/7117-71.jpg,W,0,1,0.550698459148407,name 'cantidad' is not defined
094-79.jpg,/workspace/SDNET2018_LIMPIO/P/CP/094-79.jpg,P,1,1,0.5688397288322449,name 'cantidad' is not defined
093-161.jpg,/workspace/SDNET2018_LIMPIO/P/CP/093-161.jpg,P,1,1,0.9188156723976135,name 'cantidad' is not defined
006-103.jpg,/workspace/SDNET2018_LIMPIO/P/CP/006-103.jpg,P,1,1,0.8806577920913696,name 'cantidad' is not defined
7046-202.jpg,/workspace/SDNET2018_LIMPIO/D/UD/7046-202.jpg,D,0,1,0.8259977102279663,name 'cantidad' is not defined
055-96.jpg,/workspace/SDNET2018_LIMPIO/P/UP/055-96.jpg,P,0,1,0.7334531545639038,name 'cantidad' is not defined
7007-40.jpg,/workspace/SDNET2018_LIMPIO/D/UD/7007-40.jpg,D,0,1,0.5718156099319458,name 'cantidad' is not defined
7130-9.jpg,/workspace/SDNET2018_LIMPIO/W/CW/7130-9.jpg,W,1,1,0.9999958276748657,name 'cantidad' is not defined
7086-87.jpg,/workspace/SDNET2018_LIMPIO/W/CW/7086-87.jpg,W,1,1,0.8377459049224854,name 'cantidad' is not defined
079-56.jpg,/workspace/SDNET2018_LIMPIO/P/UP/079-56.jpg,P,0,1,0.5088904500007629,name 'cantidad' is not defined
7003-211.jpg,/workspace/SDNET2018_LIMPIO/D/CD/7003-211.jpg,D,1,1,0.6199265718460083,name 'cantidad' is not defined
7118-128.jpg,/workspace/SDNET2018_LIMPIO/W/UW/7118-128.jpg,W,0,1,0.7479013800621033,name 'cantidad' is not defined
7079-168.jpg,/workspace/SDNET2018_LIMPIO/W/UW/7079-168.jpg,W,0,1,0.510705292224884,name 'cantidad' is not defined
051-63.jpg,/workspace/SDNET2018_LIMPIO/P/CP/051-63.jpg,P,1,1,0.9805963039398193,name 'cantidad' is not defined
7078-134.jpg,/workspace/SDNET2018_LIMPIO/W/CW/7078-134.jpg,W,1,1,0.5838959813117981,name 'cantidad' is not defined
7098-20.jpg,/workspace/SDNET2018_LIMPIO/W/UW/7098-20.jpg,W,0,1,0.559787929058075,name 'cantidad' is not defined
7084-227.jpg,/workspace/SDNET2018_LIMPIO/W/CW/7084-227.jpg,W,1,1,0.9998842477798462,name 'cantidad' is not defined
7122-76.jpg,/workspace/SDNET2018_LIMPIO/W/UW/7122-76.jpg,W,0,1,0.655803918838501,name 'cantidad' is not defined
044-218.jpg,/workspace/SDNET2018_LIMPIO/P/UP/044-218.jpg,P,0,1,0.7298561334609985,name 'cantidad' is not defined
7130-36.jpg,/workspace/SDNET2018_LIMPIO/W/CW/7130-36.jpg,W,1,1,0.5529199838638306,name 'cantidad' is not defined
7122-175.jpg,/workspace/SDNET2018_LIMPIO/W/CW/7122-175.jpg,W,1,1,0.9999915361404419,name 'cantidad' is not defined
104-104.jpg,/workspace/SDNET2018_LIMPIO/P/CP/104-104.jpg,P,1,1,0.9999576807022095,name 'cantidad' is not defined
104-198.jpg,/workspace/SDNET2018_LIMPIO/P/UP/104-198.jpg,P,0,1,0.9268025755882263,name 'cantidad' is not defined
7069-65.jpg,/workspace/SDNET2018_LIMPIO/W/UW/7069-65.jpg,W,0,1,0.6878254413604736,name 'cantidad' is not defined
7081-112.jpg,/workspace/SDNET2018_LIMPIO/W/CW/7081-112.jpg,W,1,1,0.6197737455368042,name 'cantidad' is not defined
047-94.jpg,/workspace/SDNET2018_LIMPIO/P/CP/047-94.jpg,P,1,1,0.7310802936553955,name 'cantidad' is not defined
016-147.jpg,/workspace/SDNET2018_LIMPIO/P/UP/016-147.jpg,P,0,1,0.7895891070365906,name 'cantidad' is not defined
7118-94.jpg,/workspace/SDNET2018_LIMPIO/W/CW/7118-94.jpg,W,1,1,0.9539176821708679,name 'cantidad' is not defined
071-55.jpg,/workspace/SDNET2018_LIMPIO/P/CP/071-55.jpg,P,1,1,0.9978569149971008,name 'cantidad' is not defined
7085-98.jpg,/workspace/SDNET2018_LIMPIO/W/CW/7085-98.jpg,W,1,1,1.0,name 'cantidad' is not defined
7104-189.jpg,/workspace/SDNET2018_LIMPIO/W/CW/7104-189.jpg,W,1,1,0.9999998807907104,name 'cantidad' is not defined
7091-243.jpg,/workspace/SDNET2018_LIMPIO/W/CW/7091-243.jpg,W,1,1,0.999972939491272,name 'cantidad' is not defined
096-161.jpg,/workspace/SDNET2018_LIMPIO/P/UP/096-161.jpg,P,0,1,0.556143581867218,name 'cantidad' is not defined
7137-152.jpg,/workspace/SDNET2018_LIMPIO/W/UW/7137-152.jpg,W,0,1,0.8320453763008118,name 'cantidad' is not defined
7086-90.jpg,/workspace/SDNET2018_LIMPIO/W/CW/7086-90.jpg,W,1,1,0.7342740297317505,name 'cantidad' is not defined
099-226.jpg,/workspace/SDNET2018_LIMPIO/P/UP/099-226.jpg,P,0,1,0.6531778573989868,name 'cantidad' is not defined
7073-184.jpg,/workspace/SDNET2018_LIMPIO/W/UW/7073-184.jpg,W,0,1,0.7741522192955017,name 'cantidad' is not defined
7092-246.jpg,/workspace/SDNET2018_LIMPIO/W/UW/7092-246.jpg,W,0,1,0.6332741975784302,name 'cantidad' is not defined
7002-64.jpg,/workspace/SDNET2018_LIMPIO/D/CD/7002-64.jpg,D,1,1,0.76826012134552,name 'cantidad' is not defined
066-71.jpg,/workspace/SDNET2018_LIMPIO/P/UP/066-71.jpg,P,0,1,0.5852699875831604,name 'cantidad' is not defined
039-136.jpg,/workspace/SDNET2018_LIMPIO/P/CP/039-136.jpg,P,1,1,0.9615775346755981,name 'cantidad' is not defined
7130-98.jpg,/workspace/SDNET2018_LIMPIO/W/CW/7130-98.jpg,W,1,1,0.9999964237213135,name 'cantidad' is not defined
7027-89.jpg,/workspace/SDNET2018_LIMPIO/D/CD/7027-89.jpg,D,1,1,0.9956657290458679,name 'cantidad' is not defined
7015-32.jpg,/workspace/SDNET2018_LIMPIO/D/UD/7015-32.jpg,D,0,1,0.7463428974151611,name 'cantidad' is not defined
7040-114.jpg,/workspace/SDNET2018_LIMPIO/D/CD/7040-114.jpg,D,1,1,0.5014738440513611,name 'cantidad' is not defined
7137-10.jpg,/workspace/SDNET2018_LIMPIO/W/UW/7137-10.jpg,W,0,1,0.7076440453529358,name 'cantidad' is not defined
7086-208.jpg,/workspace/SDNET2018_LIMPIO/W/CW/7086-208.jpg,W,1,1,0.8775355219841003,name 'cantidad' is not defined
7086-107.jpg,/workspace/SDNET2018_LIMPIO/W/CW/7086-107.jpg,W,1,1,0.5049764513969421,name 'cantidad' is not defined
092-153.jpg,/workspace/SDNET2018_LIMPIO/P/UP/092-153.jpg,P,0,1,0.9127930402755737,name 'cantidad' is not defined
7089-113.jpg,/workspace/SDNET2018_LIMPIO/W/UW/7089-113.jpg,W,0,1,0.5204383730888367,name 'cantidad' is not defined
7071-141.jpg,/workspace/SDNET2018_LIMPIO/W/UW/7071-141.jpg,W,0,1,0.7974801063537598,name 'cantidad' is not defined
087-153.jpg,/workspace/SDNET2018_LIMPIO/P/CP/087-153.jpg,P,1,1,0.9998043179512024,name 'cantidad' is not defined
101-67.jpg,/workspace/SDNET2018_LIMPIO/P/UP/101-67.jpg,P,0,1,0.6778773069381714,name 'cantidad' is not defined
7104-124.jpg,/workspace/SDNET2018_LIMPIO/W/UW/7104-124.jpg,W,0,1,0.5391809940338135,name 'cantidad' is not defined
7084-207.jpg,/workspace/SDNET2018_LIMPIO/W/CW/7084-207.jpg,W,1,1,0.8974153399467468,name 'cantidad' is not defined
7092-218.jpg,/workspace/SDNET2018_LIMPIO/W/CW/7092-218.jpg,W,1,1,1.0,name 'cantidad' is not defined
016-137.jpg,/workspace/SDNET2018_LIMPIO/P/UP/016-137.jpg,P,0,1,0.9374536275863647,name 'cantidad' is not defined
7126-132.jpg,/workspace/SDNET2018_LIMPIO/W/UW/7126-132.jpg,W,0,1,0.6054132580757141,name 'cantidad' is not defined
7080-67.jpg,/workspace/SDNET2018_LIMPIO/W/UW/7080-67.jpg,W,0,1,0.6146036982536316,name 'cantidad' is not defined
7015-27.jpg,/workspace/SDNET2018_LIMPIO/D/UD/7015-27.jpg,D,0,1,0.9993269443511963,name 'cantidad' is not defined
7003-233.jpg,/workspace/SDNET2018_LIMPIO/D/CD/7003-233.jpg,D,1,1,0.8119591474533081,name 'cantidad' is not defined
7093-102.jpg,/workspace/SDNET2018_LIMPIO/W/CW/7093-102.jpg,W,1,1,0.6296107172966003,name 'cantidad' is not defined
7131-111.jpg,/workspace/SDNET2018_LIMPIO/W/UW/7131-111.jpg,W,0,1,0.5696494579315186,name 'cantidad' is not defined
7086-63.jpg,/workspace/SDNET2018_LIMPIO/W/CW/7086-63.jpg,W,1,1,0.9999974966049194,name 'cantidad' is not defined
7071-97.jpg,/workspace/SDNET2018_LIMPIO/W/UW/7071-97.jpg,W,0,1,0.7129533886909485,name 'cantidad' is not defined
7087-122.jpg,/workspace/SDNET2018_LIMPIO/W/CW/7087-122.jpg,W,1,1,0.8422731161117554,name 'cantidad' is not defined
065-135.jpg,/workspace/SDNET2018_LIMPIO/P/CP/065-135.jpg,P,1,1,0.9999136924743652,name 'cantidad' is not defined
7083-140.jpg,/workspace/SDNET2018_LIMPIO/W/CW/7083-140.jpg,W,1,1,0.701146125793457,name 'cantidad' is not defined
7093-45.jpg,/workspace/SDNET2018_LIMPIO/W/CW/7093-45.jpg,W,1,1,0.9998805522918701,name 'cantidad' is not defined
030-40.jpg,/workspace/SDNET2018_LIMPIO/P/CP/030-40.jpg,P,1,1,0.9994039535522461,name 'cantidad' is not defined
7005-195.jpg,/workspace/SDNET2018_LIMPIO/D/CD/7005-195.jpg,D,1,1,0.9987319111824036,name 'cantidad' is not defined
060-23.jpg,/workspace/SDNET2018_LIMPIO/P/UP/060-23.jpg,P,0,1,0.6247618794441223,name 'cantidad' is not defined
7078-107.jpg,/workspace/SDNET2018_LIMPIO/W/UW/7078-107.jpg,W,0,1,0.6040016412734985,name 'cantidad' is not defined
7001-234.jpg,/workspace/SDNET2018_LIMPIO/D/UD/7001-234.jpg,D,0,1,0.9376651048660278,name 'cantidad' is not defined
7035-109.jpg,/workspace/SDNET2018_LIMPIO/D/CD/7035-109.jpg,D,1,1,0.8228915333747864,name 'cantidad' is not defined
7104-147.jpg,/workspace/SDNET2018_LIMPIO/W/CW/7104-147.jpg,W,1,1,0.9924766421318054,name 'cantidad' is not defined
7096-170.jpg,/workspace/SDNET2018_LIMPIO/W/CW/7096-170.jpg,W,1,1,0.8106839656829834,name 'cantidad' is not defined
007-69.jpg,/workspace/SDNET2018_LIMPIO/P/CP/007-69.jpg,P,1,1,0.8038650155067444,name 'cantidad' is not defined
7129-188.jpg,/workspace/SDNET2018_LIMPIO/W/CW/7129-188.jpg,W,1,1,0.9981968998908997,name 'cantidad' is not defined
086-110.jpg,/workspace/SDNET2018_LIMPIO/P/CP/086-110.jpg,P,1,1,0.9706229567527771,name 'cantidad' is not defined
7090-116.jpg,/workspace/SDNET2018_LIMPIO/W/CW/7090-116.jpg,W,1,1,1.0,name 'cantidad' is not defined
7124-80.jpg,/workspace/SDNET2018_LIMPIO/W/UW/7124-80.jpg,W,0,1,0.9916983842849731,name 'cantidad' is not defined
073-63.jpg,/workspace/SDNET2018_LIMPIO/P/CP/073-63.jpg,P,1,1,0.6992142200469971,name 'cantidad' is not defined
7113-84.jpg,/workspace/SDNET2018_LIMPIO/W/CW/7113-84.jpg,W,1,1,0.9637031555175781,name 'cantidad' is not defined
7069-34.jpg,/workspace/SDNET2018_LIMPIO/W/CW/7069-34.jpg,W,1,1,0.5090184807777405,name 'cantidad' is not defined
073-62.jpg,/workspace/SDNET2018_LIMPIO/P/CP/073-62.jpg,P,1,1,0.9623149037361145,name 'cantidad' is not defined
7091-31.jpg,/workspace/SDNET2018_LIMPIO/W/UW/7091-31.jpg,W,0,1,0.6175116896629333,name 'cantidad' is not defined
089-84.jpg,/workspace/SDNET2018_LIMPIO/P/UP/089-84.jpg,P,0,1,0.9299887418746948,name 'cantidad' is not defined
7002-63.jpg,/workspace/SDNET2018_LIMPIO/D/CD/7002-63.jpg,D,1,1,0.8644730448722839,name 'cantidad' is not defined
104-60.jpg,/workspace/SDNET2018_LIMPIO/P/CP/104-60.jpg,P,1,1,0.9999885559082031,name 'cantidad' is not defined
7004-143.jpg,/workspace/SDNET2018_LIMPIO/D/CD/7004-143.jpg,D,1,1,0.9999743700027466,name 'cantidad' is not defined
032-98.jpg,/workspace/SDNET2018_LIMPIO/P/UP/032-98.jpg,P,0,1,0.6874094605445862,name 'cantidad' is not defined
7037-213.jpg,/workspace/SDNET2018_LIMPIO/D/UD/7037-213.jpg,D,0,1,0.6390641927719116,name 'cantidad' is not defined
7017-213.jpg,/workspace/SDNET2018_LIMPIO/D/UD/7017-213.jpg,D,0,1,0.5783791542053223,name 'cantidad' is not defined
095-182.jpg,/workspace/SDNET2018_LIMPIO/P/UP/095-182.jpg,P,0,1,0.9533910155296326,name 'cantidad' is not defined
7093-86.jpg,/workspace/SDNET2018_LIMPIO/W/CW/7093-86.jpg,W,1,1,0.9825383424758911,name 'cantidad' is not defined
7093-148.jpg,/workspace/SDNET2018_LIMPIO/W/CW/7093-148.jpg,W,1,1,0.6254575848579407,name 'cantidad' is not defined
7125-23.jpg,/workspace/SDNET2018_LIMPIO/W/CW/7125-23.jpg,W,1,1,0.9937852621078491,name 'cantidad' is not defined
7002-212.jpg,/workspace/SDNET2018_LIMPIO/D/CD/7002-212.jpg,D,1,1,0.8277058005332947,name 'cantidad' is not defined
7084-101.jpg,/workspace/SDNET2018_LIMPIO/W/CW/7084-101.jpg,W,1,1,0.9999629259109497,name 'cantidad' is not defined
056-174.jpg,/workspace/SDNET2018_LIMPIO/P/CP/056-174.jpg,P,1,1,0.999396800994873,name 'cantidad' is not defined
7080-226.jpg,/workspace/SDNET2018_LIMPIO/W/CW/7080-226.jpg,W,1,1,0.9998326301574707,name 'cantidad' is not defined
7122-170.jpg,/workspace/SDNET2018_LIMPIO/W/CW/7122-170.jpg,W,1,1,0.9343717098236084,name 'cantidad' is not defined
7009-37.jpg,/workspace/SDNET2018_LIMPIO/D/CD/7009-37.jpg,D,1,1,0.9999966621398926,name 'cantidad' is not defined
051-73.jpg,/workspace/SDNET2018_LIMPIO/P/UP/051-73.jpg,P,0,1,0.7350730299949646,name 'cantidad' is not defined
7071-86.jpg,/workspace/SDNET2018_LIMPIO/W/UW/7071-86.jpg,W,0,1,0.5431620478630066,name 'cantidad' is not defined
035-80.jpg,/workspace/SDNET2018_LIMPIO/P/CP/035-80.jpg,P,1,1,0.9999912977218628,name 'cantidad' is not defined
7075-222.jpg,/workspace/SDNET2018_LIMPIO/W/CW/7075-222.jpg,W,1,1,0.955143392086029,name 'cantidad' is not defined
101-65.jpg,/workspace/SDNET2018_LIMPIO/P/CP/101-65.jpg,P,1,1,0.9743289947509766,name 'cantidad' is not defined
7079-92.jpg,/workspace/SDNET2018_LIMPIO/W/CW/7079-92.jpg,W,1,1,0.6776858568191528,name 'cantidad' is not defined
094-156.jpg,/workspace/SDNET2018_LIMPIO/P/CP/094-156.jpg,P,1,1,0.6192070245742798,name 'cantidad' is not defined
7075-249.jpg,/workspace/SDNET2018_LIMPIO/W/UW/7075-249.jpg,W,0,1,0.9056611061096191,name 'cantidad' is not defined
038-10.jpg,/workspace/SDNET2018_LIMPIO/P/UP/038-10.jpg,P,0,1,0.7379292249679565,name 'cantidad' is not defined
7020-65.jpg,/workspace/SDNET2018_LIMPIO/D/CD/7020-65.jpg,D,1,1,0.9999243021011353,name 'cantidad' is not defined
7083-126.jpg,/workspace/SDNET2018_LIMPIO/W/CW/7083-126.jpg,W,1,1,0.909960150718689,name 'cantidad' is not defined
7025-89.jpg,/workspace/SDNET2018_LIMPIO/D/UD/7025-89.jpg,D,0,1,1.0,name 'cantidad' is not defined
7075-118.jpg,/workspace/SDNET2018_LIMPIO/W/CW/7075-118.jpg,W,1,1,0.9999997615814209,name 'cantidad' is not defined
7093-106.jpg,/workspace/SDNET2018_LIMPIO/W/CW/7093-106.jpg,W,1,1,0.9020640850067139,name 'cantidad' is not defined
7078-71.jpg,/workspace/SDNET2018_LIMPIO/W/UW/7078-71.jpg,W,0,1,0.6570937037467957,name 'cantidad' is not defined
7045-227.jpg,/workspace/SDNET2018_LIMPIO/D/UD/7045-227.jpg,D,0,1,0.7242606282234192,name 'cantidad' is not defined
008-59.jpg,/workspace/SDNET2018_LIMPIO/P/UP/008-59.jpg,P,0,1,0.8529929518699646,name 'cantidad' is not defined
7037-198.jpg,/workspace/SDNET2018_LIMPIO/D/UD/7037-198.jpg,D,0,1,0.5212650895118713,name 'cantidad' is not defined
7087-43.jpg,/workspace/SDNET2018_LIMPIO/W/UW/7087-43.jpg,W,0,1,0.5728843212127686,name 'cantidad' is not defined
7104-35.jpg,/workspace/SDNET2018_LIMPIO/W/UW/7104-35.jpg,W,0,1,0.5638938546180725,name 'cantidad' is not defined
004-127.jpg,/workspace/SDNET2018_LIMPIO/P/CP/004-127.jpg,P,1,1,0.9847857356071472,name 'cantidad' is not defined
7082-51.jpg,/workspace/SDNET2018_LIMPIO/W/CW/7082-51.jpg,W,1,1,0.5416246056556702,name 'cantidad' is not defined
029-160.jpg,/workspace/SDNET2018_LIMPIO/P/UP/029-160.jpg,P,0,1,0.990471363067627,name 'cantidad' is not defined
7010-81.jpg,/workspace/SDNET2018_LIMPIO/D/CD/7010-81.jpg,D,1,1,0.9997723698616028,name 'cantidad' is not defined
7071-23.jpg,/workspace/SDNET2018_LIMPIO/W/UW/7071-23.jpg,W,0,1,0.5947751998901367,name 'cantidad' is not defined
100-119.jpg,/workspace/SDNET2018_LIMPIO/P/CP/100-119.jpg,P,1,1,0.9023205637931824,name 'cantidad' is not defined
7126-102.jpg,/workspace/SDNET2018_LIMPIO/W/CW/7126-102.jpg,W,1,1,0.9601320028305054,name 'cantidad' is not defined
7089-134.jpg,/workspace/SDNET2018_LIMPIO/W/UW/7089-134.jpg,W,0,1,0.5447126626968384,name 'cantidad' is not defined
101-53.jpg,/workspace/SDNET2018_LIMPIO/P/UP/101-53.jpg,P,0,1,0.6914827227592468,name 'cantidad' is not defined
005-118.jpg,/workspace/SDNET2018_LIMPIO/P/CP/005-118.jpg,P,1,1,0.9096065163612366,name 'cantidad' is not defined
7085-95.jpg,/workspace/SDNET2018_LIMPIO/W/UW/7085-95.jpg,W,0,1,0.6239111423492432,name 'cantidad' is not defined
052-130.jpg,/workspace/SDNET2018_LIMPIO/P/CP/052-130.jpg,P,1,1,0.8194100260734558,name 'cantidad' is not defined
091-177.jpg,/workspace/SDNET2018_LIMPIO/P/UP/091-177.jpg,P,0,1,0.7157536745071411,name 'cantidad' is not defined
008-132.jpg,/workspace/SDNET2018_LIMPIO/P/CP/008-132.jpg,P,1,1,0.9484449028968811,name 'cantidad' is not defined
7009-13.jpg,/workspace/SDNET2018_LIMPIO/D/CD/7009-13.jpg,D,1,1,0.9895411133766174,name 'cantidad' is not defined
032-44.jpg,/workspace/SDNET2018_LIMPIO/P/UP/032-44.jpg,P,0,1,0.6057679653167725,name 'cantidad' is not defined
047-99.jpg,/workspace/SDNET2018_LIMPIO/P/CP/047-99.jpg,P,1,1,0.8919321894645691,name 'cantidad' is not defined
7123-82.jpg,/workspace/SDNET2018_LIMPIO/W/UW/7123-82.jpg,W,0,1,0.5224072933197021,name 'cantidad' is not defined
099-57.jpg,/workspace/SDNET2018_LIMPIO/P/UP/099-57.jpg,P,0,1,0.5796387791633606,name 'cantidad' is not defined
7010-82.jpg,/workspace/SDNET2018_LIMPIO/D/CD/7010-82.jpg,D,1,1,0.9994077682495117,name 'cantidad' is not defined
095-113.jpg,/workspace/SDNET2018_LIMPIO/P/CP/095-113.jpg,P,1,1,0.7638584971427917,name 'cantidad' is not defined
7088-117.jpg,/workspace/SDNET2018_LIMPIO/W/UW/7088-117.jpg,W,0,1,0.6315486431121826,name 'cantidad' is not defined
7079-203.jpg,/workspace/SDNET2018_LIMPIO/W/UW/7079-203.jpg,W,0,1,0.7931451201438904,name 'cantidad' is not defined
012-45.jpg,/workspace/SDNET2018_LIMPIO/P/UP/012-45.jpg,P,0,1,0.6240569353103638,name 'cantidad' is not defined
7006-205.jpg,/workspace/SDNET2018_LIMPIO/D/CD/7006-205.jpg,D,1,1,0.621823787689209,name 'cantidad' is not defined
7078-120.jpg,/workspace/SDNET2018_LIMPIO/W/UW/7078-120.jpg,W,0,1,0.7115427255630493,name 'cantidad' is not defined
7012-20.jpg,/workspace/SDNET2018_LIMPIO/D/CD/7012-20.jpg,D,1,1,0.502350926399231,name 'cantidad' is not defined
7044-222.jpg,/workspace/SDNET2018_LIMPIO/D/UD/7044-222.jpg,D,0,1,0.5630037784576416,name 'cantidad' is not defined
037-51.jpg,/workspace/SDNET2018_LIMPIO/P/UP/037-51.jpg,P,0,1,0.587935209274292,name 'cantidad' is not defined
033-100.jpg,/workspace/SDNET2018_LIMPIO/P/CP/033-100.jpg,P,1,1,0.9998546838760376,name 'cantidad' is not defined
7126-166.jpg,/workspace/SDNET2018_LIMPIO/W/UW/7126-166.jpg,W,0,1,0.8988035321235657,name 'cantidad' is not defined
081-159.jpg,/workspace/SDNET2018_LIMPIO/P/CP/081-159.jpg,P,1,1,0.9999992847442627,name 'cantidad' is not defined
7081-228.jpg,/workspace/SDNET2018_LIMPIO/W/UW/7081-228.jpg,W,0,1,0.8808491826057434,name 'cantidad' is not defined
7086-155.jpg,/workspace/SDNET2018_LIMPIO/W/UW/7086-155.jpg,W,0,1,0.5881481766700745,name 'cantidad' is not defined
7087-51.jpg,/workspace/SDNET2018_LIMPIO/W/UW/7087-51.jpg,W,0,1,0.9858787655830383,name 'cantidad' is not defined
038-84.jpg,/workspace/SDNET2018_LIMPIO/P/CP/038-84.jpg,P,1,1,0.9985565543174744,name 'cantidad' is not defined
003-96.jpg,/workspace/SDNET2018_LIMPIO/P/CP/003-96.jpg,P,1,1,0.9937816262245178,name 'cantidad' is not defined
7008-163.jpg,/workspace/SDNET2018_LIMPIO/D/UD/7008-163.jpg,D,0,1,0.9421918392181396,name 'cantidad' is not defined
039-157.jpg,/workspace/SDNET2018_LIMPIO/P/UP/039-157.jpg,P,0,1,0.9968756437301636,name 'cantidad' is not defined
053-26.jpg,/workspace/SDNET2018_LIMPIO/P/UP/053-26.jpg,P,0,1,0.8657765984535217,name 'cantidad' is not defined
7076-107.jpg,/workspace/SDNET2018_LIMPIO/W/UW/7076-107.jpg,W,0,1,0.5322154760360718,name 'cantidad' is not defined
7116-7.jpg,/workspace/SDNET2018_LIMPIO/W/CW/7116-7.jpg,W,1,1,0.5851647257804871,name 'cantidad' is not defined
076-118.jpg,/workspace/SDNET2018_LIMPIO/P/CP/076-118.jpg,P,1,1,0.9998780488967896,name 'cantidad' is not defined
066-94.jpg,/workspace/SDNET2018_LIMPIO/P/CP/066-94.jpg,P,1,1,0.9999990463256836,name 'cantidad' is not defined
7039-47.jpg,/workspace/SDNET2018_LIMPIO/D/UD/7039-47.jpg,D,0,1,0.5427905917167664,name 'cantidad' is not defined
035-113.jpg,/workspace/SDNET2018_LIMPIO/P/UP/035-113.jpg,P,0,1,0.9352489709854126,name 'cantidad' is not defined
024-105.jpg,/workspace/SDNET2018_LIMPIO/P/UP/024-105.jpg,P,0,1,0.6646042466163635,name 'cantidad' is not defined
061-80.jpg,/workspace/SDNET2018_LIMPIO/P/UP/061-80.jpg,P,0,1,0.6596447229385376,name 'cantidad' is not defined
7121-120.jpg,/workspace/SDNET2018_LIMPIO/W/UW/7121-120.jpg,W,0,1,0.5445873141288757,name 'cantidad' is not defined
7115-184.jpg,/workspace/SDNET2018_LIMPIO/W/UW/7115-184.jpg,W,0,1,0.7107908129692078,name 'cantidad' is not defined
7004-140.jpg,/workspace/SDNET2018_LIMPIO/D/CD/7004-140.jpg,D,1,1,0.9999996423721313,name 'cantidad' is not defined
033-107.jpg,/workspace/SDNET2018_LIMPIO/P/CP/033-107.jpg,P,1,1,0.9332983493804932,name 'cantidad' is not defined
036-166.jpg,/workspace/SDNET2018_LIMPIO/P/UP/036-166.jpg,P,0,1,0.7259883880615234,name 'cantidad' is not defined
096-152.jpg,/workspace/SDNET2018_LIMPIO/P/UP/096-152.jpg,P,0,1,0.8022513389587402,name 'cantidad' is not defined
7085-88.jpg,/workspace/SDNET2018_LIMPIO/W/CW/7085-88.jpg,W,1,1,0.8429909348487854,name 'cantidad' is not defined
7085-130.jpg,/workspace/SDNET2018_LIMPIO/W/CW/7085-130.jpg,W,1,1,0.6022537350654602,name 'cantidad' is not defined
7031-184.jpg,/workspace/SDNET2018_LIMPIO/D/UD/7031-184.jpg,D,0,1,0.6695825457572937,name 'cantidad' is not defined
038-77.jpg,/workspace/SDNET2018_LIMPIO/P/CP/038-77.jpg,P,1,1,0.9999980926513672,name 'cantidad' is not defined
7009-204.jpg,/workspace/SDNET2018_LIMPIO/D/UD/7009-204.jpg,D,0,1,0.703602135181427,name 'cantidad' is not defined
7038-243.jpg,/workspace/SDNET2018_LIMPIO/D/UD/7038-243.jpg,D,0,1,0.6702125668525696,name 'cantidad' is not defined
7102-247.jpg,/workspace/SDNET2018_LIMPIO/W/UW/7102-247.jpg,W,0,1,0.6284611821174622,name 'cantidad' is not defined
7135-169.jpg,/workspace/SDNET2018_LIMPIO/W/CW/7135-169.jpg,W,1,1,0.9984903335571289,name 'cantidad' is not defined
7089-115.jpg,/workspace/SDNET2018_LIMPIO/W/UW/7089-115.jpg,W,0,1,0.5564603209495544,name 'cantidad' is not defined
7094-27.jpg,/workspace/SDNET2018_LIMPIO/W/CW/7094-27.jpg,W,1,1,0.9363927245140076,name 'cantidad' is not defined
7037-177.jpg,/workspace/SDNET2018_LIMPIO/D/UD/7037-177.jpg,D,0,1,0.7358044385910034,name 'cantidad' is not defined
026-134.jpg,/workspace/SDNET2018_LIMPIO/P/CP/026-134.jpg,P,1,1,0.9763986468315125,name 'cantidad' is not defined
7082-155.jpg,/workspace/SDNET2018_LIMPIO/W/CW/7082-155.jpg,W,1,1,0.9999896287918091,name 'cantidad' is not defined
033-97.jpg,/workspace/SDNET2018_LIMPIO/P/CP/033-97.jpg,P,1,1,0.9999788999557495,name 'cantidad' is not defined
008-95.jpg,/workspace/SDNET2018_LIMPIO/P/UP/008-95.jpg,P,0,1,0.7758866548538208,name 'cantidad' is not defined
7089-131.jpg,/workspace/SDNET2018_LIMPIO/W/UW/7089-131.jpg,W,0,1,0.599324643611908,name 'cantidad' is not defined
7071-15.jpg,/workspace/SDNET2018_LIMPIO/W/UW/7071-15.jpg,W,0,1,0.5239949226379395,name 'cantidad' is not defined
7070-43.jpg,/workspace/SDNET2018_LIMPIO/W/CW/7070-43.jpg,W,1,1,0.9999959468841553,name 'cantidad' is not defined
7053-242.jpg,/workspace/SDNET2018_LIMPIO/D/UD/7053-242.jpg,D,0,1,0.5960912704467773,name 'cantidad' is not defined
091-77.jpg,/workspace/SDNET2018_LIMPIO/P/UP/091-77.jpg,P,0,1,0.8430762887001038,name 'cantidad' is not defined
7016-121.jpg,/workspace/SDNET2018_LIMPIO/D/CD/7016-121.jpg,D,1,1,0.9988850951194763,name 'cantidad' is not defined
031-44.jpg,/workspace/SDNET2018_LIMPIO/P/UP/031-44.jpg,P,0,1,0.9167298674583435,name 'cantidad' is not defined
024-174.jpg,/workspace/SDNET2018_LIMPIO/P/UP/024-174.jpg,P,0,1,0.9201517105102539,name 'cantidad' is not defined
7077-36.jpg,/workspace/SDNET2018_LIMPIO/W/CW/7077-36.jpg,W,1,1,0.7804239988327026,name 'cantidad' is not defined
7028-230.jpg,/workspace/SDNET2018_LIMPIO/D/CD/7028-230.jpg,D,1,1,0.9978945851325989,name 'cantidad' is not defined
7079-245.jpg,/workspace/SDNET2018_LIMPIO/W/UW/7079-245.jpg,W,0,1,0.6058079600334167,name 'cantidad' is not defined
7107-171_2.jpg,/workspace/SDNET2018_LIMPIO/W/CW/7107-171_2.jpg,W,1,1,0.9909358620643616,name 'cantidad' is not defined
7101-171.jpg,/workspace/SDNET2018_LIMPIO/W/CW/7101-171.jpg,W,1,1,0.9997103810310364,name 'cantidad' is not defined
7119-208.jpg,/workspace/SDNET2018_LIMPIO/W/CW/7119-208.jpg,W,1,1,0.9985665678977966,name 'cantidad' is not defined
7083-117.jpg,/workspace/SDNET2018_LIMPIO/W/CW/7083-117.jpg,W,1,1,0.8344973921775818,name 'cantidad' is not defined
7069-28.jpg,/workspace/SDNET2018_LIMPIO/W/UW/7069-28.jpg,W,0,1,0.5578628778457642,name 'cantidad' is not defined
7020-148.jpg,/workspace/SDNET2018_LIMPIO/D/CD/7020-148.jpg,D,1,1,0.9961614608764648,name 'cantidad' is not defined
7077-60.jpg,/workspace/SDNET2018_LIMPIO/W/CW/7077-60.jpg,W,1,1,0.6286937594413757,name 'cantidad' is not defined
7011-191.jpg,/workspace/SDNET2018_LIMPIO/D/CD/7011-191.jpg,D,1,1,0.9999998807907104,name 'cantidad' is not defined
7135-2.jpg,/workspace/SDNET2018_LIMPIO/W/UW/7135-2.jpg,W,0,1,0.7521955370903015,name 'cantidad' is not defined
7115-84.jpg,/workspace/SDNET2018_LIMPIO/W/CW/7115-84.jpg,W,1,1,0.9227825403213501,name 'cantidad' is not defined
7086-26.jpg,/workspace/SDNET2018_LIMPIO/W/UW/7086-26.jpg,W,0,1,0.591912567615509,name 'cantidad' is not defined
7131-121.jpg,/workspace/SDNET2018_LIMPIO/W/UW/7131-121.jpg,W,0,1,0.6211326718330383,name 'cantidad' is not defined
071-43.jpg,/workspace/SDNET2018_LIMPIO/P/CP/071-43.jpg,P,1,1,0.6079206466674805,name 'cantidad' is not defined
7103-63.jpg,/workspace/SDNET2018_LIMPIO/W/CW/7103-63.jpg,W,1,1,0.8863456845283508,name 'cantidad' is not defined
7078-95.jpg,/workspace/SDNET2018_LIMPIO/W/UW/7078-95.jpg,W,0,1,0.6801067590713501,name 'cantidad' is not defined
092-169.jpg,/workspace/SDNET2018_LIMPIO/P/UP/092-169.jpg,P,0,1,0.5112675428390503,name 'cantidad' is not defined
094-6.jpg,/workspace/SDNET2018_LIMPIO/P/UP/094-6.jpg,P,0,1,0.6356918811798096,name 'cantidad' is not defined
053-34.jpg,/workspace/SDNET2018_LIMPIO/P/UP/053-34.jpg,P,0,1,0.6727234125137329,name 'cantidad' is not defined
078-100.jpg,/workspace/SDNET2018_LIMPIO/P/CP/078-100.jpg,P,1,1,0.9999961853027344,name 'cantidad' is not defined
085-41.jpg,/workspace/SDNET2018_LIMPIO/P/UP/085-41.jpg,P,0,1,0.5355672240257263,name 'cantidad' is not defined
7101-71.jpg,/workspace/SDNET2018_LIMPIO/W/UW/7101-71.jpg,W,0,1,0.5969049334526062,name 'cantidad' is not defined
7087-165.jpg,/workspace/SDNET2018_LIMPIO/W/UW/7087-165.jpg,W,0,1,0.6716758012771606,name 'cantidad' is not defined
008-89.jpg,/workspace/SDNET2018_LIMPIO/P/UP/008-89.jpg,P,0,1,0.7193390727043152,name 'cantidad' is not defined
7074-75.jpg,/workspace/SDNET2018_LIMPIO/W/CW/7074-75.jpg,W,1,1,0.9965330362319946,name 'cantidad' is not defined
7021-16.jpg,/workspace/SDNET2018_LIMPIO/D/UD/7021-16.jpg,D,0,1,0.6543926000595093,name 'cantidad' is not defined
7089-94.jpg,/workspace/SDNET2018_LIMPIO/W/UW/7089-94.jpg,W,0,1,0.7671288251876831,name 'cantidad' is not defined
7137-98.jpg,/workspace/SDNET2018_LIMPIO/W/CW/7137-98.jpg,W,1,1,0.9991838335990906,name 'cantidad' is not defined
7097-114.jpg,/workspace/SDNET2018_LIMPIO/W/CW/7097-114.jpg,W,1,1,0.9617788195610046,name 'cantidad' is not defined
090-115.jpg,/workspace/SDNET2018_LIMPIO/P/UP/090-115.jpg,P,0,1,0.6409928202629089,name 'cantidad' is not defined
7079-211.jpg,/workspace/SDNET2018_LIMPIO/W/UW/7079-211.jpg,W,0,1,0.5051767230033875,name 'cantidad' is not defined
091-106.jpg,/workspace/SDNET2018_LIMPIO/P/UP/091-106.jpg,P,0,1,0.6679083108901978,name 'cantidad' is not defined
100-77.jpg,/workspace/SDNET2018_LIMPIO/P/UP/100-77.jpg,P,0,1,0.9181432127952576,name 'cantidad' is not defined
7007-97.jpg,/workspace/SDNET2018_LIMPIO/D/UD/7007-97.jpg,D,0,1,0.5475431084632874,name 'cantidad' is not defined
7120-189.jpg,/workspace/SDNET2018_LIMPIO/W/CW/7120-189.jpg,W,1,1,0.9992130994796753,name 'cantidad' is not defined
7088-231.jpg,/workspace/SDNET2018_LIMPIO/W/CW/7088-231.jpg,W,1,1,0.9500244855880737,name 'cantidad' is not defined
7080-31.jpg,/workspace/SDNET2018_LIMPIO/W/UW/7080-31.jpg,W,0,1,0.8508048057556152,name 'cantidad' is not defined
7026-225.jpg,/workspace/SDNET2018_LIMPIO/D/UD/7026-225.jpg,D,0,1,0.8183420300483704,name 'cantidad' is not defined
7017-246.jpg,/workspace/SDNET2018_LIMPIO/D/UD/7017-246.jpg,D,0,1,0.8889082670211792,name 'cantidad' is not defined
7119-16.jpg,/workspace/SDNET2018_LIMPIO/W/UW/7119-16.jpg,W,0,1,0.8621260523796082,name 'cantidad' is not defined
7010-55.jpg,/workspace/SDNET2018_LIMPIO/D/UD/7010-55.jpg,D,0,1,0.8742811679840088,name 'cantidad' is not defined
7015-30.jpg,/workspace/SDNET2018_LIMPIO/D/CD/7015-30.jpg,D,1,1,0.9071800708770752,name 'cantidad' is not defined
7125-187.jpg,/workspace/SDNET2018_LIMPIO/W/CW/7125-187.jpg,W,1,1,0.9894065260887146,name 'cantidad' is not defined
7047-52.jpg,/workspace/SDNET2018_LIMPIO/D/UD/7047-52.jpg,D,0,1,0.5652228593826294,name 'cantidad' is not defined
7115-188.jpg,/workspace/SDNET2018_LIMPIO/W/CW/7115-188.jpg,W,1,1,0.9978895783424377,name 'cantidad' is not defined
053-173.jpg,/workspace/SDNET2018_LIMPIO/P/UP/053-173.jpg,P,0,1,0.5982359647750854,name 'cantidad' is not defined
031-109.jpg,/workspace/SDNET2018_LIMPIO/P/UP/031-109.jpg,P,0,1,0.8746869564056396,name 'cantidad' is not defined
076-137.jpg,/workspace/SDNET2018_LIMPIO/P/CP/076-137.jpg,P,1,1,0.9987918734550476,name 'cantidad' is not defined
7093-228.jpg,/workspace/SDNET2018_LIMPIO/W/CW/7093-228.jpg,W,1,1,0.5907037854194641,name 'cantidad' is not defined
042-29.jpg,/workspace/SDNET2018_LIMPIO/P/UP/042-29.jpg,P,0,1,0.8943074345588684,name 'cantidad' is not defined
7138-66.jpg,/workspace/SDNET2018_LIMPIO/W/CW/7138-66.jpg,W,1,1,0.9999998807907104,name 'cantidad' is not defined
7047-175.jpg,/workspace/SDNET2018_LIMPIO/D/UD/7047-175.jpg,D,0,1,0.5008722543716431,name 'cantidad' is not defined
7089-106.jpg,/workspace/SDNET2018_LIMPIO/W/CW/7089-106.jpg,W,1,1,0.9981352090835571,name 'cantidad' is not defined
7010-236.jpg,/workspace/SDNET2018_LIMPIO/D/UD/7010-236.jpg,D,0,1,0.7911861538887024,name 'cantidad' is not defined
7119-191.jpg,/workspace/SDNET2018_LIMPIO/W/CW/7119-191.jpg,W,1,1,0.9997292160987854,name 'cantidad' is not defined
7091-5.jpg,/workspace/SDNET2018_LIMPIO/W/UW/7091-5.jpg,W,0,1,0.5605072975158691,name 'cantidad' is not defined
050-162.jpg,/workspace/SDNET2018_LIMPIO/P/UP/050-162.jpg,P,0,1,0.5047858357429504,name 'cantidad' is not defined
7014-186.jpg,/workspace/SDNET2018_LIMPIO/D/CD/7014-186.jpg,D,1,1,0.9999890327453613,name 'cantidad' is not defined
7081-15.jpg,/workspace/SDNET2018_LIMPIO/W/UW/7081-15.jpg,W,0,1,0.6843727827072144,name 'cantidad' is not defined
087-144.jpg,/workspace/SDNET2018_LIMPIO/P/UP/087-144.jpg,P,0,1,0.67452073097229,name 'cantidad' is not defined
7070-114.jpg,/workspace/SDNET2018_LIMPIO/W/CW/7070-114.jpg,W,1,1,0.5495558977127075,name 'cantidad' is not defined
7087-217.jpg,/workspace/SDNET2018_LIMPIO/W/UW/7087-217.jpg,W,0,1,0.6717081069946289,name 'cantidad' is not defined
7003-3.jpg,/workspace/SDNET2018_LIMPIO/D/UD/7003-3.jpg,D,0,1,0.534151017665863,name 'cantidad' is not defined
7022-91.jpg,/workspace/SDNET2018_LIMPIO/D/UD/7022-91.jpg,D,0,1,0.9240404367446899,name 'cantidad' is not defined
004-113.jpg,/workspace/SDNET2018_LIMPIO/P/CP/004-113.jpg,P,1,1,0.999998927116394,name 'cantidad' is not defined
7091-120.jpg,/workspace/SDNET2018_LIMPIO/W/UW/7091-120.jpg,W,0,1,0.787590742111206,name 'cantidad' is not defined
7084-187.jpg,/workspace/SDNET2018_LIMPIO/W/UW/7084-187.jpg,W,0,1,0.5519403219223022,name 'cantidad' is not defined
7118-227.jpg,/workspace/SDNET2018_LIMPIO/W/UW/7118-227.jpg,W,0,1,0.6063665151596069,name 'cantidad' is not defined
7132-81.jpg,/workspace/SDNET2018_LIMPIO/W/CW/7132-81.jpg,W,1,1,0.9999613761901855,name 'cantidad' is not defined
7128-152.jpg,/workspace/SDNET2018_LIMPIO/W/CW/7128-152.jpg,W,1,1,0.9674971699714661,name 'cantidad' is not defined
7009-29.jpg,/workspace/SDNET2018_LIMPIO/D/CD/7009-29.jpg,D,1,1,0.5357120037078857,name 'cantidad' is not defined
7084-103.jpg,/workspace/SDNET2018_LIMPIO/W/CW/7084-103.jpg,W,1,1,0.9999995231628418,name 'cantidad' is not defined
7075-51.jpg,/workspace/SDNET2018_LIMPIO/W/UW/7075-51.jpg,W,0,1,0.6221568584442139,name 'cantidad' is not defined
7004-241.jpg,/workspace/SDNET2018_LIMPIO/D/UD/7004-241.jpg,D,0,1,0.5159273147583008,name 'cantidad' is not defined
012-64.jpg,/workspace/SDNET2018_LIMPIO/P/UP/012-64.jpg,P,0,1,0.9532095193862915,name 'cantidad' is not defined
7081-16.jpg,/workspace/SDNET2018_LIMPIO/W/CW/7081-16.jpg,W,1,1,0.9995672106742859,name 'cantidad' is not defined
7088-141.jpg,/workspace/SDNET2018_LIMPIO/W/CW/7088-141.jpg,W,1,1,0.9999274015426636,name 'cantidad' is not defined
7121-172.jpg,/workspace/SDNET2018_LIMPIO/W/CW/7121-172.jpg,W,1,1,1.0,name 'cantidad' is not defined
7118-213.jpg,/workspace/SDNET2018_LIMPIO/W/UW/7118-213.jpg,W,0,1,0.7813594341278076,name 'cantidad' is not defined
7089-205.jpg,/workspace/SDNET2018_LIMPIO/W/UW/7089-205.jpg,W,0,1,0.5707634687423706,name 'cantidad' is not defined
7092-94.jpg,/workspace/SDNET2018_LIMPIO/W/CW/7092-94.jpg,W,1,1,0.7430978417396545,name 'cantidad' is not defined
7010-6.jpg,/workspace/SDNET2018_LIMPIO/D/CD/7010-6.jpg,D,1,1,0.9472528696060181,name 'cantidad' is not defined
7018-187.jpg,/workspace/SDNET2018_LIMPIO/D/UD/7018-187.jpg,D,0,1,0.5393418669700623,name 'cantidad' is not defined
025-42.jpg,/workspace/SDNET2018_LIMPIO/P/UP/025-42.jpg,P,0,1,0.9234539866447449,name 'cantidad' is not defined
7014-113.jpg,/workspace/SDNET2018_LIMPIO/D/UD/7014-113.jpg,D,0,1,0.5536658763885498,name 'cantidad' is not defined
7086-3.jpg,/workspace/SDNET2018_LIMPIO/W/UW/7086-3.jpg,W,0,1,0.5794751644134521,name 'cantidad' is not defined
7125-118.jpg,/workspace/SDNET2018_LIMPIO/W/CW/7125-118.jpg,W,1,1,0.5203837752342224,name 'cantidad' is not defined
7073-178.jpg,/workspace/SDNET2018_LIMPIO/W/CW/7073-178.jpg,W,1,1,0.7974566221237183,name 'cantidad' is not defined
022-159.jpg,/workspace/SDNET2018_LIMPIO/P/CP/022-159.jpg,P,1,1,0.941065788269043,name 'cantidad' is not defined
7074-128.jpg,/workspace/SDNET2018_LIMPIO/W/UW/7074-128.jpg,W,0,1,0.5304573774337769,name 'cantidad' is not defined
7140-95.jpg,/workspace/SDNET2018_LIMPIO/W/UW/7140-95.jpg,W,0,1,0.6979802250862122,name 'cantidad' is not defined
096-151.jpg,/workspace/SDNET2018_LIMPIO/P/UP/096-151.jpg,P,0,1,0.9594197869300842,name 'cantidad' is not defined
7080-85.jpg,/workspace/SDNET2018_LIMPIO/W/UW/7080-85.jpg,W,0,1,0.7030640840530396,name 'cantidad' is not defined
7006-154.jpg,/workspace/SDNET2018_LIMPIO/D/CD/7006-154.jpg,D,1,1,0.9999493360519409,name 'cantidad' is not defined
7096-96.jpg,/workspace/SDNET2018_LIMPIO/W/UW/7096-96.jpg,W,0,1,0.5227878093719482,name 'cantidad' is not defined
059-86.jpg,/workspace/SDNET2018_LIMPIO/P/UP/059-86.jpg,P,0,1,0.7830324172973633,name 'cantidad' is not defined
7091-80.jpg,/workspace/SDNET2018_LIMPIO/W/UW/7091-80.jpg,W,0,1,0.7650343775749207,name 'cantidad' is not defined
7045-84.jpg,/workspace/SDNET2018_LIMPIO/D/CD/7045-84.jpg,D,1,1,0.9991942048072815,name 'cantidad' is not defined
7101-51.jpg,/workspace/SDNET2018_LIMPIO/W/UW/7101-51.jpg,W,0,1,0.5354782938957214,name 'cantidad' is not defined
036-157.jpg,/workspace/SDNET2018_LIMPIO/P/UP/036-157.jpg,P,0,1,0.8986409902572632,name 'cantidad' is not defined
035-173.jpg,/workspace/SDNET2018_LIMPIO/P/UP/035-173.jpg,P,0,1,0.8457098007202148,name 'cantidad' is not defined
7071-41.jpg,/workspace/SDNET2018_LIMPIO/W/UW/7071-41.jpg,W,0,1,0.555356502532959,name 'cantidad' is not defined
087-197.jpg,/workspace/SDNET2018_LIMPIO/P/UP/087-197.jpg,P,0,1,0.7503175139427185,name 'cantidad' is not defined
041-20.jpg,/workspace/SDNET2018_LIMPIO/P/CP/041-20.jpg,P,1,1,0.8997268676757812,name 'cantidad' is not defined
7045-144.jpg,/workspace/SDNET2018_LIMPIO/D/CD/7045-144.jpg,D,1,1,0.930965006351471,name 'cantidad' is not defined
7084-135.jpg,/workspace/SDNET2018_LIMPIO/W/CW/7084-135.jpg,W,1,1,0.9994181394577026,name 'cantidad' is not defined
024-94.jpg,/workspace/SDNET2018_LIMPIO/P/UP/024-94.jpg,P,0,1,0.7326105237007141,name 'cantidad' is not defined
7036-85.jpg,/workspace/SDNET2018_LIMPIO/D/CD/7036-85.jpg,D,1,1,1.0,name 'cantidad' is not defined
7084-167.jpg,/workspace/SDNET2018_LIMPIO/W/CW/7084-167.jpg,W,1,1,0.8315253257751465,name 'cantidad' is not defined
7091-78.jpg,/workspace/SDNET2018_LIMPIO/W/UW/7091-78.jpg,W,0,1,0.7544927597045898,name 'cantidad' is not defined
022-160.jpg,/workspace/SDNET2018_LIMPIO/P/CP/022-160.jpg,P,1,1,0.9843712449073792,name 'cantidad' is not defined
039-83.jpg,/workspace/SDNET2018_LIMPIO/P/UP/039-83.jpg,P,0,1,0.6942408680915833,name 'cantidad' is not defined
093-137.jpg,/workspace/SDNET2018_LIMPIO/P/CP/093-137.jpg,P,1,1,0.9996581077575684,name 'cantidad' is not defined
7075-124.jpg,/workspace/SDNET2018_LIMPIO/W/UW/7075-124.jpg,W,0,1,0.5974779725074768,name 'cantidad' is not defined
7117-165.jpg,/workspace/SDNET2018_LIMPIO/W/CW/7117-165.jpg,W,1,1,0.5163924098014832,name 'cantidad' is not defined
7127-152.jpg,/workspace/SDNET2018_LIMPIO/W/CW/7127-152.jpg,W,1,1,0.7997946739196777,name 'cantidad' is not defined
7111-50.jpg,/workspace/SDNET2018_LIMPIO/W/CW/7111-50.jpg,W,1,1,0.9967971444129944,name 'cantidad' is not defined
7013-63.jpg,/workspace/SDNET2018_LIMPIO/D/CD/7013-63.jpg,D,1,1,0.9998378753662109,name 'cantidad' is not defined
063-106.jpg,/workspace/SDNET2018_LIMPIO/P/CP/063-106.jpg,P,1,1,0.9495842456817627,name 'cantidad' is not defined
7119-218.jpg,/workspace/SDNET2018_LIMPIO/W/UW/7119-218.jpg,W,0,1,0.5990777015686035,name 'cantidad' is not defined
083-122.jpg,/workspace/SDNET2018_LIMPIO/P/CP/083-122.jpg,P,1,1,0.9489691257476807,name 'cantidad' is not defined
7123-102.jpg,/workspace/SDNET2018_LIMPIO/W/CW/7123-102.jpg,W,1,1,0.5489618182182312,name 'cantidad' is not defined
091-95.jpg,/workspace/SDNET2018_LIMPIO/P/CP/091-95.jpg,P,1,1,0.9999998807907104,name 'cantidad' is not defined
092-168.jpg,/workspace/SDNET2018_LIMPIO/P/UP/092-168.jpg,P,0,1,0.6063582301139832,name 'cantidad' is not defined
7120-68.jpg,/workspace/SDNET2018_LIMPIO/W/UW/7120-68.jpg,W,0,1,0.6088763475418091,name 'cantidad' is not defined
7085-173.jpg,/workspace/SDNET2018_LIMPIO/W/UW/7085-173.jpg,W,0,1,0.7433702945709229,name 'cantidad' is not defined
018-98.jpg,/workspace/SDNET2018_LIMPIO/P/CP/018-98.jpg,P,1,1,0.9997105002403259,name 'cantidad' is not defined
7092-51.jpg,/workspace/SDNET2018_LIMPIO/W/CW/7092-51.jpg,W,1,1,0.7542303204536438,name 'cantidad' is not defined
7039-113_2.jpg,/workspace/SDNET2018_LIMPIO/D/CD/7039-113_2.jpg,D,1,1,0.6965110898017883,name 'cantidad' is not defined
7131-44.jpg,/workspace/SDNET2018_LIMPIO/W/CW/7131-44.jpg,W,1,1,0.7665140628814697,name 'cantidad' is not defined
7124-10.jpg,/workspace/SDNET2018_LIMPIO/W/UW/7124-10.jpg,W,0,1,0.6176897287368774,name 'cantidad' is not defined
7122-65.jpg,/workspace/SDNET2018_LIMPIO/W/CW/7122-65.jpg,W,1,1,0.8322905898094177,name 'cantidad' is not defined
7052-4.jpg,/workspace/SDNET2018_LIMPIO/D/UD/7052-4.jpg,D,0,1,0.5920391082763672,name 'cantidad' is not defined
013-149.jpg,/workspace/SDNET2018_LIMPIO/P/UP/013-149.jpg,P,0,1,0.735095202922821,name 'cantidad' is not defined
025-200.jpg,/workspace/SDNET2018_LIMPIO/P/UP/025-200.jpg,P,0,1,0.807195782661438,name 'cantidad' is not defined
067-134.jpg,/workspace/SDNET2018_LIMPIO/P/UP/067-134.jpg,P,0,1,0.7356874942779541,name 'cantidad' is not defined
7090-11.jpg,/workspace/SDNET2018_LIMPIO/W/CW/7090-11.jpg,W,1,1,0.5355172753334045,name 'cantidad' is not defined
7011-187.jpg,/workspace/SDNET2018_LIMPIO/D/CD/7011-187.jpg,D,1,1,0.9999703168869019,name 'cantidad' is not defined
7118-32.jpg,/workspace/SDNET2018_LIMPIO/W/UW/7118-32.jpg,W,0,1,0.5225980877876282,name 'cantidad' is not defined
7088-160.jpg,/workspace/SDNET2018_LIMPIO/W/UW/7088-160.jpg,W,0,1,0.6538041234016418,name 'cantidad' is not defined
7084-85.jpg,/workspace/SDNET2018_LIMPIO/W/CW/7084-85.jpg,W,1,1,0.9422664642333984,name 'cantidad' is not defined
7007-143.jpg,/workspace/SDNET2018_LIMPIO/D/CD/7007-143.jpg,D,1,1,0.5525341629981995,name 'cantidad' is not defined
7096-98.jpg,/workspace/SDNET2018_LIMPIO/W/CW/7096-98.jpg,W,1,1,0.9999806880950928,name 'cantidad' is not defined
035-38.jpg,/workspace/SDNET2018_LIMPIO/P/CP/035-38.jpg,P,1,1,0.6120965480804443,name 'cantidad' is not defined
7003-236.jpg,/workspace/SDNET2018_LIMPIO/D/UD/7003-236.jpg,D,0,1,0.6027683615684509,name 'cantidad' is not defined
103-137.jpg,/workspace/SDNET2018_LIMPIO/P/CP/103-137.jpg,P,1,1,0.8919948935508728,name 'cantidad' is not defined
7053-23.jpg,/workspace/SDNET2018_LIMPIO/D/UD/7053-23.jpg,D,0,1,0.527919352054596,name 'cantidad' is not defined
092-24.jpg,/workspace/SDNET2018_LIMPIO/P/UP/092-24.jpg,P,0,1,0.5504137873649597,name 'cantidad' is not defined
7081-31.jpg,/workspace/SDNET2018_LIMPIO/W/UW/7081-31.jpg,W,0,1,0.8310346007347107,name 'cantidad' is not defined
024-184.jpg,/workspace/SDNET2018_LIMPIO/P/UP/024-184.jpg,P,0,1,0.5296043157577515,name 'cantidad' is not defined
7139-97.jpg,/workspace/SDNET2018_LIMPIO/W/UW/7139-97.jpg,W,0,1,0.5069841146469116,name 'cantidad' is not defined
7118-207.jpg,/workspace/SDNET2018_LIMPIO/W/CW/7118-207.jpg,W,1,1,0.9510616064071655,name 'cantidad' is not defined
7080-208.jpg,/workspace/SDNET2018_LIMPIO/W/CW/7080-208.jpg,W,1,1,0.9992964267730713,name 'cantidad' is not defined
7119-83.jpg,/workspace/SDNET2018_LIMPIO/W/UW/7119-83.jpg,W,0,1,0.549918532371521,name 'cantidad' is not defined
7087-113.jpg,/workspace/SDNET2018_LIMPIO/W/UW/7087-113.jpg,W,0,1,0.6364009976387024,name 'cantidad' is not defined
7086-147.jpg,/workspace/SDNET2018_LIMPIO/W/CW/7086-147.jpg,W,1,1,0.9630787968635559,name 'cantidad' is not defined
7091-150.jpg,/workspace/SDNET2018_LIMPIO/W/UW/7091-150.jpg,W,0,1,0.8803032636642456,name 'cantidad' is not defined
7005-176.jpg,/workspace/SDNET2018_LIMPIO/D/CD/7005-176.jpg,D,1,1,0.9956974983215332,name 'cantidad' is not defined
7115-208.jpg,/workspace/SDNET2018_LIMPIO/W/CW/7115-208.jpg,W,1,1,0.6278842091560364,name 'cantidad' is not defined
7129-8.jpg,/workspace/SDNET2018_LIMPIO/W/UW/7129-8.jpg,W,0,1,0.5034087300300598,name 'cantidad' is not defined
7004-142.jpg,/workspace/SDNET2018_LIMPIO/D/CD/7004-142.jpg,D,1,1,0.9999198913574219,name 'cantidad' is not defined
044-150.jpg,/workspace/SDNET2018_LIMPIO/P/UP/044-150.jpg,P,0,1,0.5470162034034729,name 'cantidad' is not defined
7048-153.jpg,/workspace/SDNET2018_LIMPIO/D/CD/7048-153.jpg,D,1,1,0.9897528886795044,name 'cantidad' is not defined
7086-17.jpg,/workspace/SDNET2018_LIMPIO/W/CW/7086-17.jpg,W,1,1,0.7880128622055054,name 'cantidad' is not defined
7079-153.jpg,/workspace/SDNET2018_LIMPIO/W/CW/7079-153.jpg,W,1,1,0.9999498128890991,name 'cantidad' is not defined
7069-137.jpg,/workspace/SDNET2018_LIMPIO/W/UW/7069-137.jpg,W,0,1,0.6782547235488892,name 'cantidad' is not defined
7088-116.jpg,/workspace/SDNET2018_LIMPIO/W/CW/7088-116.jpg,W,1,1,0.9975962042808533,name 'cantidad' is not defined
036-38.jpg,/workspace/SDNET2018_LIMPIO/P/UP/036-38.jpg,P,0,1,0.5392556190490723,name 'cantidad' is not defined
7020-62.jpg,/workspace/SDNET2018_LIMPIO/D/CD/7020-62.jpg,D,1,1,0.8084406852722168,name 'cantidad' is not defined
7088-33.jpg,/workspace/SDNET2018_LIMPIO/W/CW/7088-33.jpg,W,1,1,0.9015346765518188,name 'cantidad' is not defined
7054-181.jpg,/workspace/SDNET2018_LIMPIO/D/CD/7054-181.jpg,D,1,1,0.685184895992279,name 'cantidad' is not defined
7074-140.jpg,/workspace/SDNET2018_LIMPIO/W/UW/7074-140.jpg,W,0,1,0.6525611281394958,name 'cantidad' is not defined
7051-5.jpg,/workspace/SDNET2018_LIMPIO/D/UD/7051-5.jpg,D,0,1,0.6998378038406372,name 'cantidad' is not defined
7026-112.jpg,/workspace/SDNET2018_LIMPIO/D/UD/7026-112.jpg,D,0,1,0.5486512780189514,name 'cantidad' is not defined
7088-101.jpg,/workspace/SDNET2018_LIMPIO/W/UW/7088-101.jpg,W,0,1,0.644354522228241,name 'cantidad' is not defined
101-113.jpg,/workspace/SDNET2018_LIMPIO/P/CP/101-113.jpg,P,1,1,0.9994636178016663,name 'cantidad' is not defined
7004-76.jpg,/workspace/SDNET2018_LIMPIO/D/CD/7004-76.jpg,D,1,1,0.9431377053260803,name 'cantidad' is not defined
7103-177.jpg,/workspace/SDNET2018_LIMPIO/W/UW/7103-177.jpg,W,0,1,0.6818058490753174,name 'cantidad' is not defined
7132-134.jpg,/workspace/SDNET2018_LIMPIO/W/UW/7132-134.jpg,W,0,1,0.6111326813697815,name 'cantidad' is not defined
7049-139.jpg,/workspace/SDNET2018_LIMPIO/D/CD/7049-139.jpg,D,1,1,0.51009202003479,name 'cantidad' is not defined
7049-107.jpg,/workspace/SDNET2018_LIMPIO/D/CD/7049-107.jpg,D,1,1,0.5897233486175537,name 'cantidad' is not defined
7124-223.jpg,/workspace/SDNET2018_LIMPIO/W/CW/7124-223.jpg,W,1,1,0.8422014713287354,name 'cantidad' is not defined
7113-118.jpg,/workspace/SDNET2018_LIMPIO/W/CW/7113-118.jpg,W,1,1,0.9996697902679443,name 'cantidad' is not defined
031-28.jpg,/workspace/SDNET2018_LIMPIO/P/UP/031-28.jpg,P,0,1,0.7600459456443787,name 'cantidad' is not defined
7014-116.jpg,/workspace/SDNET2018_LIMPIO/D/CD/7014-116.jpg,D,1,1,0.6958452463150024,name 'cantidad' is not defined
008-138.jpg,/workspace/SDNET2018_LIMPIO/P/CP/008-138.jpg,P,1,1,0.9273977875709534,name 'cantidad' is not defined
7043-135.jpg,/workspace/SDNET2018_LIMPIO/D/UD/7043-135.jpg,D,0,1,0.6489976644515991,name 'cantidad' is not defined
016-157.jpg,/workspace/SDNET2018_LIMPIO/P/UP/016-157.jpg,P,0,1,0.7059606909751892,name 'cantidad' is not defined
7087-26.jpg,/workspace/SDNET2018_LIMPIO/W/CW/7087-26.jpg,W,1,1,0.999962329864502,name 'cantidad' is not defined
072-116.jpg,/workspace/SDNET2018_LIMPIO/P/CP/072-116.jpg,P,1,1,0.8078185319900513,name 'cantidad' is not defined
7102-125.jpg,/workspace/SDNET2018_LIMPIO/W/UW/7102-125.jpg,W,0,1,0.5127591490745544,name 'cantidad' is not defined
7104-63.jpg,/workspace/SDNET2018_LIMPIO/W/UW/7104-63.jpg,W,0,1,0.7093257904052734,name 'cantidad' is not defined
7043-179.jpg,/workspace/SDNET2018_LIMPIO/D/UD/7043-179.jpg,D,0,1,0.508533775806427,name 'cantidad' is not defined
7011-168.jpg,/workspace/SDNET2018_LIMPIO/D/CD/7011-168.jpg,D,1,1,0.9999696016311646,name 'cantidad' is not defined
7084-32.jpg,/workspace/SDNET2018_LIMPIO/W/UW/7084-32.jpg,W,0,1,0.705791711807251,name 'cantidad' is not defined
7051-201.jpg,/workspace/SDNET2018_LIMPIO/D/CD/7051-201.jpg,D,1,1,0.9942785501480103,name 'cantidad' is not defined
7135-11.jpg,/workspace/SDNET2018_LIMPIO/W/CW/7135-11.jpg,W,1,1,0.6863698959350586,name 'cantidad' is not defined
7123-42.jpg,/workspace/SDNET2018_LIMPIO/W/CW/7123-42.jpg,W,1,1,0.7473098039627075,name 'cantidad' is not defined
7076-121.jpg,/workspace/SDNET2018_LIMPIO/W/UW/7076-121.jpg,W,0,1,0.5836037993431091,name 'cantidad' is not defined
7093-142.jpg,/workspace/SDNET2018_LIMPIO/W/UW/7093-142.jpg,W,0,1,0.5625688433647156,name 'cantidad' is not defined
085-184.jpg,/workspace/SDNET2018_LIMPIO/P/UP/085-184.jpg,P,0,1,0.7166430354118347,name 'cantidad' is not defined
7074-24.jpg,/workspace/SDNET2018_LIMPIO/W/UW/7074-24.jpg,W,0,1,0.5979124903678894,name 'cantidad' is not defined
7023-5.jpg,/workspace/SDNET2018_LIMPIO/D/CD/7023-5.jpg,D,1,1,0.5990830063819885,name 'cantidad' is not defined
7131-134.jpg,/workspace/SDNET2018_LIMPIO/W/UW/7131-134.jpg,W,0,1,0.9020442366600037,name 'cantidad' is not defined
031-221.jpg,/workspace/SDNET2018_LIMPIO/P/UP/031-221.jpg,P,0,1,0.5560749173164368,name 'cantidad' is not defined
7027-106.jpg,/workspace/SDNET2018_LIMPIO/D/CD/7027-106.jpg,D,1,1,0.9999047517776489,name 'cantidad' is not defined
7028-86.jpg,/workspace/SDNET2018_LIMPIO/D/UD/7028-86.jpg,D,0,1,0.6006039381027222,name 'cantidad' is not defined
096-221.jpg,/workspace/SDNET2018_LIMPIO/P/UP/096-221.jpg,P,0,1,0.5088902711868286,name 'cantidad' is not defined
7093-32.jpg,/workspace/SDNET2018_LIMPIO/W/CW/7093-32.jpg,W,1,1,0.9949133396148682,name 'cantidad' is not defined
006-105.jpg,/workspace/SDNET2018_LIMPIO/P/CP/006-105.jpg,P,1,1,0.9999890327453613,name 'cantidad' is not defined
020-152.jpg,/workspace/SDNET2018_LIMPIO/P/CP/020-152.jpg,P,1,1,0.9983963370323181,name 'cantidad' is not defined
7074-116.jpg,/workspace/SDNET2018_LIMPIO/W/CW/7074-116.jpg,W,1,1,0.829954206943512,name 'cantidad' is not defined
7029-86.jpg,/workspace/SDNET2018_LIMPIO/D/UD/7029-86.jpg,D,0,1,0.6000404953956604,name 'cantidad' is not defined
092-140.jpg,/workspace/SDNET2018_LIMPIO/P/UP/092-140.jpg,P,0,1,0.7978872060775757,name 'cantidad' is not defined
041-176.jpg,/workspace/SDNET2018_LIMPIO/P/UP/041-176.jpg,P,0,1,0.5876526832580566,name 'cantidad' is not defined
024-157.jpg,/workspace/SDNET2018_LIMPIO/P/UP/024-157.jpg,P,0,1,0.7431020736694336,name 'cantidad' is not defined
7137-132.jpg,/workspace/SDNET2018_LIMPIO/W/CW/7137-132.jpg,W,1,1,0.9053077697753906,name 'cantidad' is not defined
7092-235.jpg,/workspace/SDNET2018_LIMPIO/W/CW/7092-235.jpg,W,1,1,0.9769898653030396,name 'cantidad' is not defined
7125-124.jpg,/workspace/SDNET2018_LIMPIO/W/UW/7125-124.jpg,W,0,1,0.523492157459259,name 'cantidad' is not defined
096-136.jpg,/workspace/SDNET2018_LIMPIO/P/UP/096-136.jpg,P,0,1,0.9983493089675903,name 'cantidad' is not defined
7123-173.jpg,/workspace/SDNET2018_LIMPIO/W/UW/7123-173.jpg,W,0,1,0.5312982201576233,name 'cantidad' is not defined
7084-178.jpg,/workspace/SDNET2018_LIMPIO/W/CW/7084-178.jpg,W,1,1,0.9762560725212097,name 'cantidad' is not defined
7122-185.jpg,/workspace/SDNET2018_LIMPIO/W/CW/7122-185.jpg,W,1,1,0.9990372657775879,name 'cantidad' is not defined
7086-231.jpg,/workspace/SDNET2018_LIMPIO/W/CW/7086-231.jpg,W,1,1,0.9999927282333374,name 'cantidad' is not defined
7084-13.jpg,/workspace/SDNET2018_LIMPIO/W/CW/7084-13.jpg,W,1,1,0.8008472323417664,name 'cantidad' is not defined
7013-116.jpg,/workspace/SDNET2018_LIMPIO/D/CD/7013-116.jpg,D,1,1,0.9999443292617798,name 'cantidad' is not defined
027-1_2.jpg,/workspace/SDNET2018_LIMPIO/P/CP/027-1_2.jpg,P,1,1,0.9024800658226013,name 'cantidad' is not defined
7047-147.jpg,/workspace/SDNET2018_LIMPIO/D/CD/7047-147.jpg,D,1,1,0.9986851811408997,name 'cantidad' is not defined
7071-130.jpg,/workspace/SDNET2018_LIMPIO/W/UW/7071-130.jpg,W,0,1,0.6262715458869934,name 'cantidad' is not defined
7135-240.jpg,/workspace/SDNET2018_LIMPIO/W/CW/7135-240.jpg,W,1,1,0.5969530940055847,name 'cantidad' is not defined
7069-89.jpg,/workspace/SDNET2018_LIMPIO/W/CW/7069-89.jpg,W,1,1,0.8022894263267517,name 'cantidad' is not defined
7024-146.jpg,/workspace/SDNET2018_LIMPIO/D/CD/7024-146.jpg,D,1,1,0.7585351467132568,name 'cantidad' is not defined
7084-55.jpg,/workspace/SDNET2018_LIMPIO/W/CW/7084-55.jpg,W,1,1,0.5103418827056885,name 'cantidad' is not defined
7030-172.jpg,/workspace/SDNET2018_LIMPIO/D/CD/7030-172.jpg,D,1,1,0.5615801215171814,name 'cantidad' is not defined
7109-122.jpg,/workspace/SDNET2018_LIMPIO/W/UW/7109-122.jpg,W,0,1,0.9281567335128784,name 'cantidad' is not defined
7094-173.jpg,/workspace/SDNET2018_LIMPIO/W/UW/7094-173.jpg,W,0,1,0.8381409049034119,name 'cantidad' is not defined
090-62.jpg,/workspace/SDNET2018_LIMPIO/P/UP/090-62.jpg,P,0,1,0.7326768636703491,name 'cantidad' is not defined
7078-33.jpg,/workspace/SDNET2018_LIMPIO/W/CW/7078-33.jpg,W,1,1,0.8394762873649597,name 'cantidad' is not defined
7083-172.jpg,/workspace/SDNET2018_LIMPIO/W/CW/7083-172.jpg,W,1,1,0.8621190190315247,name 'cantidad' is not defined
7043-123.jpg,/workspace/SDNET2018_LIMPIO/D/UD/7043-123.jpg,D,0,1,0.7853438854217529,name 'cantidad' is not defined
7041-19.jpg,/workspace/SDNET2018_LIMPIO/D/UD/7041-19.jpg,D,0,1,0.7722672820091248,name 'cantidad' is not defined
7122-135.jpg,/workspace/SDNET2018_LIMPIO/W/UW/7122-135.jpg,W,0,1,0.8213472366333008,name 'cantidad' is not defined
7133-135.jpg,/workspace/SDNET2018_LIMPIO/W/CW/7133-135.jpg,W,1,1,0.9999481439590454,name 'cantidad' is not defined
7076-32.jpg,/workspace/SDNET2018_LIMPIO/W/UW/7076-32.jpg,W,0,1,0.5906105637550354,name 'cantidad' is not defined
7025-171.jpg,/workspace/SDNET2018_LIMPIO/D/UD/7025-171.jpg,D,0,1,0.8801606893539429,name 'cantidad' is not defined
7072-228.jpg,/workspace/SDNET2018_LIMPIO/W/CW/7072-228.jpg,W,1,1,0.9999966621398926,name 'cantidad' is not defined
062-95.jpg,/workspace/SDNET2018_LIMPIO/P/CP/062-95.jpg,P,1,1,0.9999997615814209,name 'cantidad' is not defined
7118-51.jpg,/workspace/SDNET2018_LIMPIO/W/CW/7118-51.jpg,W,1,1,0.8252115249633789,name 'cantidad' is not defined
038-105.jpg,/workspace/SDNET2018_LIMPIO/P/CP/038-105.jpg,P,1,1,0.9958042502403259,name 'cantidad' is not defined
7077-30.jpg,/workspace/SDNET2018_LIMPIO/W/CW/7077-30.jpg,W,1,1,0.9160531163215637,name 'cantidad' is not defined
7010-231.jpg,/workspace/SDNET2018_LIMPIO/D/UD/7010-231.jpg,D,0,1,0.7981180548667908,name 'cantidad' is not defined
067-66.jpg,/workspace/SDNET2018_LIMPIO/P/UP/067-66.jpg,P,0,1,0.5571675896644592,name 'cantidad' is not defined
067-79.jpg,/workspace/SDNET2018_LIMPIO/P/CP/067-79.jpg,P,1,1,0.9993584752082825,name 'cantidad' is not defined
096-85.jpg,/workspace/SDNET2018_LIMPIO/P/UP/096-85.jpg,P,0,1,0.8259164690971375,name 'cantidad' is not defined
7086-45.jpg,/workspace/SDNET2018_LIMPIO/W/CW/7086-45.jpg,W,1,1,0.9999994039535522,name 'cantidad' is not defined
7135-52.jpg,/workspace/SDNET2018_LIMPIO/W/UW/7135-52.jpg,W,0,1,0.9534792900085449,name 'cantidad' is not defined
094-130.jpg,/workspace/SDNET2018_LIMPIO/P/UP/094-130.jpg,P,0,1,0.8651638627052307,name 'cantidad' is not defined
7025-146.jpg,/workspace/SDNET2018_LIMPIO/D/CD/7025-146.jpg,D,1,1,0.6337311267852783,name 'cantidad' is not defined
007-41.jpg,/workspace/SDNET2018_LIMPIO/P/UP/007-41.jpg,P,0,1,0.651002824306488,name 'cantidad' is not defined
7070-99.jpg,/workspace/SDNET2018_LIMPIO/W/UW/7070-99.jpg,W,0,1,0.5172022581100464,name 'cantidad' is not defined
7077-106.jpg,/workspace/SDNET2018_LIMPIO/W/UW/7077-106.jpg,W,0,1,0.5334734320640564,name 'cantidad' is not defined
7040-232.jpg,/workspace/SDNET2018_LIMPIO/D/UD/7040-232.jpg,D,0,1,0.5669758319854736,name 'cantidad' is not defined
7130-117.jpg,/workspace/SDNET2018_LIMPIO/W/UW/7130-117.jpg,W,0,1,0.6715136766433716,name 'cantidad' is not defined
7080-74.jpg,/workspace/SDNET2018_LIMPIO/W/UW/7080-74.jpg,W,0,1,0.5533544421195984,name 'cantidad' is not defined
027-79_2.jpg,/workspace/SDNET2018_LIMPIO/P/CP/027-79_2.jpg,P,1,1,0.5950801372528076,name 'cantidad' is not defined
7072-5.jpg,/workspace/SDNET2018_LIMPIO/W/CW/7072-5.jpg,W,1,1,0.9999995231628418,name 'cantidad' is not defined
035-46.jpg,/workspace/SDNET2018_LIMPIO/P/UP/035-46.jpg,P,0,1,0.6877842545509338,name 'cantidad' is not defined
7080-24.jpg,/workspace/SDNET2018_LIMPIO/W/UW/7080-24.jpg,W,0,1,0.7779415845870972,name 'cantidad' is not defined
084-121.jpg,/workspace/SDNET2018_LIMPIO/P/CP/084-121.jpg,P,1,1,0.8423239588737488,name 'cantidad' is not defined
7078-190.jpg,/workspace/SDNET2018_LIMPIO/W/CW/7078-190.jpg,W,1,1,0.6962183713912964,name 'cantidad' is not defined
093-210.jpg,/workspace/SDNET2018_LIMPIO/P/UP/093-210.jpg,P,0,1,0.6797227263450623,name 'cantidad' is not defined
7072-155.jpg,/workspace/SDNET2018_LIMPIO/W/UW/7072-155.jpg,W,0,1,0.5737375617027283,name 'cantidad' is not defined
7024-96.jpg,/workspace/SDNET2018_LIMPIO/D/CD/7024-96.jpg,D,1,1,0.9999994039535522,name 'cantidad' is not defined
7023-37.jpg,/workspace/SDNET2018_LIMPIO/D/CD/7023-37.jpg,D,1,1,0.9982853531837463,name 'cantidad' is not defined
7118-67.jpg,/workspace/SDNET2018_LIMPIO/W/CW/7118-67.jpg,W,1,1,0.663116991519928,name 'cantidad' is not defined
7081-244.jpg,/workspace/SDNET2018_LIMPIO/W/CW/7081-244.jpg,W,1,1,0.9999145269393921,name 'cantidad' is not defined
7036-93.jpg,/workspace/SDNET2018_LIMPIO/D/CD/7036-93.jpg,D,1,1,0.5498585104942322,name 'cantidad' is not defined
7074-143.jpg,/workspace/SDNET2018_LIMPIO/W/CW/7074-143.jpg,W,1,1,0.6865495443344116,name 'cantidad' is not defined
7047-205.jpg,/workspace/SDNET2018_LIMPIO/D/CD/7047-205.jpg,D,1,1,0.982205331325531,name 'cantidad' is not defined
017-107.jpg,/workspace/SDNET2018_LIMPIO/P/CP/017-107.jpg,P,1,1,0.8070583343505859,name 'cantidad' is not defined
7136-226.jpg,/workspace/SDNET2018_LIMPIO/W/UW/7136-226.jpg,W,0,1,0.5520156025886536,name 'cantidad' is not defined
7118-212.jpg,/workspace/SDNET2018_LIMPIO/W/UW/7118-212.jpg,W,0,1,0.5795082449913025,name 'cantidad' is not defined
7085-113.jpg,/workspace/SDNET2018_LIMPIO/W/UW/7085-113.jpg,W,0,1,0.6676384210586548,name 'cantidad' is not defined
7027-28.jpg,/workspace/SDNET2018_LIMPIO/D/UD/7027-28.jpg,D,0,1,0.6867228746414185,name 'cantidad' is not defined
7010-40.jpg,/workspace/SDNET2018_LIMPIO/D/UD/7010-40.jpg,D,0,1,0.5217388272285461,name 'cantidad' is not defined
7078-36.jpg,/workspace/SDNET2018_LIMPIO/W/UW/7078-36.jpg,W,0,1,0.6358946561813354,name 'cantidad' is not defined
7084-134.jpg,/workspace/SDNET2018_LIMPIO/W/UW/7084-134.jpg,W,0,1,0.788678765296936,name 'cantidad' is not defined
7008-98.jpg,/workspace/SDNET2018_LIMPIO/D/CD/7008-98.jpg,D,1,1,0.9437691569328308,name 'cantidad' is not defined
7091-67.jpg,/workspace/SDNET2018_LIMPIO/W/UW/7091-67.jpg,W,0,1,0.6157375574111938,name 'cantidad' is not defined
7086-179.jpg,/workspace/SDNET2018_LIMPIO/W/UW/7086-179.jpg,W,0,1,0.6145668625831604,name 'cantidad' is not defined
7031-240.jpg,/workspace/SDNET2018_LIMPIO/D/UD/7031-240.jpg,D,0,1,0.607024073600769,name 'cantidad' is not defined
058-184.jpg,/workspace/SDNET2018_LIMPIO/P/UP/058-184.jpg,P,0,1,0.608907163143158,name 'cantidad' is not defined
7076-221.jpg,/workspace/SDNET2018_LIMPIO/W/CW/7076-221.jpg,W,1,1,0.969916045665741,name 'cantidad' is not defined
092-160.jpg,/workspace/SDNET2018_LIMPIO/P/CP/092-160.jpg,P,1,1,0.9891258478164673,name 'cantidad' is not defined
7004-145.jpg,/workspace/SDNET2018_LIMPIO/D/UD/7004-145.jpg,D,0,1,0.6167503595352173,name 'cantidad' is not defined
7043-34.jpg,/workspace/SDNET2018_LIMPIO/D/UD/7043-34.jpg,D,0,1,0.6050828099250793,name 'cantidad' is not defined
7101-12.jpg,/workspace/SDNET2018_LIMPIO/W/UW/7101-12.jpg,W,0,1,0.5237948894500732,name 'cantidad' is not defined
7020-210.jpg,/workspace/SDNET2018_LIMPIO/D/UD/7020-210.jpg,D,0,1,0.5134754180908203,name 'cantidad' is not defined
7053-115.jpg,/workspace/SDNET2018_LIMPIO/D/CD/7053-115.jpg,D,1,1,0.918781578540802,name 'cantidad' is not defined
7103-175.jpg,/workspace/SDNET2018_LIMPIO/W/CW/7103-175.jpg,W,1,1,0.9987868666648865,name 'cantidad' is not defined
094-50.jpg,/workspace/SDNET2018_LIMPIO/P/UP/094-50.jpg,P,0,1,0.8376467227935791,name 'cantidad' is not defined
7007-56.jpg,/workspace/SDNET2018_LIMPIO/D/UD/7007-56.jpg,D,0,1,0.5978137254714966,name 'cantidad' is not defined
084-148.jpg,/workspace/SDNET2018_LIMPIO/P/UP/084-148.jpg,P,0,1,0.6366329193115234,name 'cantidad' is not defined
7088-225.jpg,/workspace/SDNET2018_LIMPIO/W/CW/7088-225.jpg,W,1,1,0.9999998807907104,name 'cantidad' is not defined
7093-15.jpg,/workspace/SDNET2018_LIMPIO/W/CW/7093-15.jpg,W,1,1,0.9915598034858704,name 'cantidad' is not defined
7038-133.jpg,/workspace/SDNET2018_LIMPIO/D/CD/7038-133.jpg,D,1,1,0.5969705581665039,name 'cantidad' is not defined
030-21.jpg,/workspace/SDNET2018_LIMPIO/P/CP/030-21.jpg,P,1,1,0.8329520225524902,name 'cantidad' is not defined
016-148.jpg,/workspace/SDNET2018_LIMPIO/P/UP/016-148.jpg,P,0,1,0.8400430083274841,name 'cantidad' is not defined
7052-205.jpg,/workspace/SDNET2018_LIMPIO/D/CD/7052-205.jpg,D,1,1,0.9890182018280029,name 'cantidad' is not defined
7104-6.jpg,/workspace/SDNET2018_LIMPIO/W/CW/7104-6.jpg,W,1,1,0.9887774586677551,name 'cantidad' is not defined
7127-201.jpg,/workspace/SDNET2018_LIMPIO/W/CW/7127-201.jpg,W,1,1,0.9999985694885254,name 'cantidad' is not defined
006-131.jpg,/workspace/SDNET2018_LIMPIO/P/CP/006-131.jpg,P,1,1,0.920284628868103,name 'cantidad' is not defined
084-137.jpg,/workspace/SDNET2018_LIMPIO/P/CP/084-137.jpg,P,1,1,0.9905315637588501,name 'cantidad' is not defined
7115-138.jpg,/workspace/SDNET2018_LIMPIO/W/CW/7115-138.jpg,W,1,1,0.8815006613731384,name 'cantidad' is not defined
7043-241.jpg,/workspace/SDNET2018_LIMPIO/D/UD/7043-241.jpg,D,0,1,0.8665133118629456,name 'cantidad' is not defined
7014-81.jpg,/workspace/SDNET2018_LIMPIO/D/CD/7014-81.jpg,D,1,1,0.5605440735816956,name 'cantidad' is not defined
7048-61.jpg,/workspace/SDNET2018_LIMPIO/D/CD/7048-61.jpg,D,1,1,0.5299310088157654,name 'cantidad' is not defined
7133-91.jpg,/workspace/SDNET2018_LIMPIO/W/UW/7133-91.jpg,W,0,1,0.7610312104225159,name 'cantidad' is not defined
037-98.jpg,/workspace/SDNET2018_LIMPIO/P/UP/037-98.jpg,P,0,1,0.637796938419342,name 'cantidad' is not defined
7088-137.jpg,/workspace/SDNET2018_LIMPIO/W/CW/7088-137.jpg,W,1,1,0.9633116126060486,name 'cantidad' is not defined
071-54.jpg,/workspace/SDNET2018_LIMPIO/P/UP/071-54.jpg,P,0,1,0.5068020820617676,name 'cantidad' is not defined
7074-55.jpg,/workspace/SDNET2018_LIMPIO/W/CW/7074-55.jpg,W,1,1,1.0,name 'cantidad' is not defined
082-99.jpg,/workspace/SDNET2018_LIMPIO/P/CP/082-99.jpg,P,1,1,0.533611536026001,name 'cantidad' is not defined
7118-170.jpg,/workspace/SDNET2018_LIMPIO/W/CW/7118-170.jpg,W,1,1,0.9999762773513794,name 'cantidad' is not defined
095-142.jpg,/workspace/SDNET2018_LIMPIO/P/UP/095-142.jpg,P,0,1,0.5743821263313293,name 'cantidad' is not defined
7028-246.jpg,/workspace/SDNET2018_LIMPIO/D/CD/7028-246.jpg,D,1,1,0.8564133048057556,name 'cantidad' is not defined
7085-178.jpg,/workspace/SDNET2018_LIMPIO/W/UW/7085-178.jpg,W,0,1,0.7622600793838501,name 'cantidad' is not defined
7069-193.jpg,/workspace/SDNET2018_LIMPIO/W/CW/7069-193.jpg,W,1,1,0.8484227061271667,name 'cantidad' is not defined
037-86.jpg,/workspace/SDNET2018_LIMPIO/P/UP/037-86.jpg,P,0,1,0.6292355060577393,name 'cantidad' is not defined
7021-100.jpg,/workspace/SDNET2018_LIMPIO/D/CD/7021-100.jpg,D,1,1,0.917973518371582,name 'cantidad' is not defined
7008-59.jpg,/workspace/SDNET2018_LIMPIO/D/UD/7008-59.jpg,D,0,1,0.5067128539085388,name 'cantidad' is not defined
7006-140.jpg,/workspace/SDNET2018_LIMPIO/D/CD/7006-140.jpg,D,1,1,0.7765322923660278,name 'cantidad' is not defined
7124-126.jpg,/workspace/SDNET2018_LIMPIO/W/UW/7124-126.jpg,W,0,1,0.9502020478248596,name 'cantidad' is not defined
7024-215.jpg,/workspace/SDNET2018_LIMPIO/D/UD/7024-215.jpg,D,0,1,0.6169581413269043,name 'cantidad' is not defined
7070-243.jpg,/workspace/SDNET2018_LIMPIO/W/UW/7070-243.jpg,W,0,1,0.6887033581733704,name 'cantidad' is not defined
7085-112.jpg,/workspace/SDNET2018_LIMPIO/W/CW/7085-112.jpg,W,1,1,0.9988553524017334,name 'cantidad' is not defined
7044-34.jpg,/workspace/SDNET2018_LIMPIO/D/CD/7044-34.jpg,D,1,1,0.9956489205360413,name 'cantidad' is not defined
033-94.jpg,/workspace/SDNET2018_LIMPIO/P/CP/033-94.jpg,P,1,1,0.9994638562202454,name 'cantidad' is not defined
057-32.jpg,/workspace/SDNET2018_LIMPIO/P/UP/057-32.jpg,P,0,1,0.7889049053192139,name 'cantidad' is not defined
7072-131.jpg,/workspace/SDNET2018_LIMPIO/W/CW/7072-131.jpg,W,1,1,0.9667734503746033,name 'cantidad' is not defined
7075-84.jpg,/workspace/SDNET2018_LIMPIO/W/UW/7075-84.jpg,W,0,1,0.5674051642417908,name 'cantidad' is not defined
7072-54.jpg,/workspace/SDNET2018_LIMPIO/W/UW/7072-54.jpg,W,0,1,0.6199844479560852,name 'cantidad' is not defined
7084-139.jpg,/workspace/SDNET2018_LIMPIO/W/UW/7084-139.jpg,W,0,1,0.6742793917655945,name 'cantidad' is not defined
7006-47.jpg,/workspace/SDNET2018_LIMPIO/D/UD/7006-47.jpg,D,0,1,0.5468795895576477,name 'cantidad' is not defined
057-157.jpg,/workspace/SDNET2018_LIMPIO/P/UP/057-157.jpg,P,0,1,0.5686982870101929,name 'cantidad' is not defined
7080-82.jpg,/workspace/SDNET2018_LIMPIO/W/CW/7080-82.jpg,W,1,1,1.0,name 'cantidad' is not defined
7078-58.jpg,/workspace/SDNET2018_LIMPIO/W/UW/7078-58.jpg,W,0,1,0.8026396036148071,name 'cantidad' is not defined
045-174.jpg,/workspace/SDNET2018_LIMPIO/P/CP/045-174.jpg,P,1,1,0.999996542930603,name 'cantidad' is not defined
090-136.jpg,/workspace/SDNET2018_LIMPIO/P/UP/090-136.jpg,P,0,1,0.6753222346305847,name 'cantidad' is not defined
7075-123.jpg,/workspace/SDNET2018_LIMPIO/W/UW/7075-123.jpg,W,0,1,0.7814174294471741,name 'cantidad' is not defined
7088-67.jpg,/workspace/SDNET2018_LIMPIO/W/CW/7088-67.jpg,W,1,1,0.8799150586128235,name 'cantidad' is not defined
037-46.jpg,/workspace/SDNET2018_LIMPIO/P/UP/037-46.jpg,P,0,1,0.7212481498718262,name 'cantidad' is not defined
077-88.jpg,/workspace/SDNET2018_LIMPIO/P/CP/077-88.jpg,P,1,1,0.9996446371078491,name 'cantidad' is not defined
7104-171.jpg,/workspace/SDNET2018_LIMPIO/W/UW/7104-171.jpg,W,0,1,0.5643237829208374,name 'cantidad' is not defined
7013-250.jpg,/workspace/SDNET2018_LIMPIO/D/UD/7013-250.jpg,D,0,1,0.557648777961731,name 'cantidad' is not defined
7071-79.jpg,/workspace/SDNET2018_LIMPIO/W/UW/7071-79.jpg,W,0,1,0.8249151706695557,name 'cantidad' is not defined
022-93.jpg,/workspace/SDNET2018_LIMPIO/P/CP/022-93.jpg,P,1,1,0.9982701539993286,name 'cantidad' is not defined
7135-134.jpg,/workspace/SDNET2018_LIMPIO/W/CW/7135-134.jpg,W,1,1,0.9998713731765747,name 'cantidad' is not defined
011-97.jpg,/workspace/SDNET2018_LIMPIO/P/UP/011-97.jpg,P,0,1,0.683728039264679,name 'cantidad' is not defined
069-57.jpg,/workspace/SDNET2018_LIMPIO/P/CP/069-57.jpg,P,1,1,0.989897608757019,name 'cantidad' is not defined
020-91.jpg,/workspace/SDNET2018_LIMPIO/P/UP/020-91.jpg,P,0,1,0.6357534527778625,name 'cantidad' is not defined
079-82.jpg,/workspace/SDNET2018_LIMPIO/P/CP/079-82.jpg,P,1,1,0.9549325704574585,name 'cantidad' is not defined
005-84.jpg,/workspace/SDNET2018_LIMPIO/P/CP/005-84.jpg,P,1,1,0.7901871800422668,name 'cantidad' is not defined
7015-35.jpg,/workspace/SDNET2018_LIMPIO/D/UD/7015-35.jpg,D,0,1,0.9088175892829895,name 'cantidad' is not defined
7103-213.jpg,/workspace/SDNET2018_LIMPIO/W/CW/7103-213.jpg,W,1,1,0.9999988079071045,name 'cantidad' is not defined
7121-136.jpg,/workspace/SDNET2018_LIMPIO/W/CW/7121-136.jpg,W,1,1,0.9999991655349731,name 'cantidad' is not defined
7007-141.jpg,/workspace/SDNET2018_LIMPIO/D/CD/7007-141.jpg,D,1,1,0.5525653958320618,name 'cantidad' is not defined
032-7.jpg,/workspace/SDNET2018_LIMPIO/P/UP/032-7.jpg,P,0,1,0.6199620366096497,name 'cantidad' is not defined
7026-22.jpg,/workspace/SDNET2018_LIMPIO/D/CD/7026-22.jpg,D,1,1,0.6602913737297058,name 'cantidad' is not defined
085-96.jpg,/workspace/SDNET2018_LIMPIO/P/CP/085-96.jpg,P,1,1,0.6638659834861755,name 'cantidad' is not defined
7088-21.jpg,/workspace/SDNET2018_LIMPIO/W/UW/7088-21.jpg,W,0,1,0.6522321105003357,name 'cantidad' is not defined
047-95.jpg,/workspace/SDNET2018_LIMPIO/P/CP/047-95.jpg,P,1,1,0.9999980926513672,name 'cantidad' is not defined
7043-73.jpg,/workspace/SDNET2018_LIMPIO/D/UD/7043-73.jpg,D,0,1,0.6243463754653931,name 'cantidad' is not defined
7133-46.jpg,/workspace/SDNET2018_LIMPIO/W/CW/7133-46.jpg,W,1,1,0.9873675107955933,name 'cantidad' is not defined
7124-136.jpg,/workspace/SDNET2018_LIMPIO/W/UW/7124-136.jpg,W,0,1,0.7748419642448425,name 'cantidad' is not defined
080-51.jpg,/workspace/SDNET2018_LIMPIO/P/UP/080-51.jpg,P,0,1,0.5757483839988708,name 'cantidad' is not defined
7086-240.jpg,/workspace/SDNET2018_LIMPIO/W/CW/7086-240.jpg,W,1,1,0.9999426603317261,name 'cantidad' is not defined
089-110.jpg,/workspace/SDNET2018_LIMPIO/P/UP/089-110.jpg,P,0,1,0.7472242116928101,name 'cantidad' is not defined
7012-127.jpg,/workspace/SDNET2018_LIMPIO/D/CD/7012-127.jpg,D,1,1,0.7054443359375,name 'cantidad' is not defined
7119-121.jpg,/workspace/SDNET2018_LIMPIO/W/CW/7119-121.jpg,W,1,1,0.5014587044715881,name 'cantidad' is not defined
7093-153.jpg,/workspace/SDNET2018_LIMPIO/W/CW/7093-153.jpg,W,1,1,0.998892605304718,name 'cantidad' is not defined
083-100.jpg,/workspace/SDNET2018_LIMPIO/P/CP/083-100.jpg,P,1,1,0.9983780384063721,name 'cantidad' is not defined
7088-40.jpg,/workspace/SDNET2018_LIMPIO/W/CW/7088-40.jpg,W,1,1,0.5568616390228271,name 'cantidad' is not defined
7013-28.jpg,/workspace/SDNET2018_LIMPIO/D/CD/7013-28.jpg,D,1,1,0.988640546798706,name 'cantidad' is not defined
7096-115.jpg,/workspace/SDNET2018_LIMPIO/W/UW/7096-115.jpg,W,0,1,0.7152988910675049,name 'cantidad' is not defined
038-99.jpg,/workspace/SDNET2018_LIMPIO/P/CP/038-99.jpg,P,1,1,0.9987128973007202,name 'cantidad' is not defined
7074-173.jpg,/workspace/SDNET2018_LIMPIO/W/CW/7074-173.jpg,W,1,1,0.5291876196861267,name 'cantidad' is not defined
7112-188.jpg,/workspace/SDNET2018_LIMPIO/W/UW/7112-188.jpg,W,0,1,0.5607174038887024,name 'cantidad' is not defined
039-126.jpg,/workspace/SDNET2018_LIMPIO/P/UP/039-126.jpg,P,0,1,0.9213640689849854,name 'cantidad' is not defined
7082-149.jpg,/workspace/SDNET2018_LIMPIO/W/UW/7082-149.jpg,W,0,1,0.5138984322547913,name 'cantidad' is not defined
101-59.jpg,/workspace/SDNET2018_LIMPIO/P/CP/101-59.jpg,P,1,1,0.6274604201316833,name 'cantidad' is not defined
7086-137.jpg,/workspace/SDNET2018_LIMPIO/W/UW/7086-137.jpg,W,0,1,0.5365393161773682,name 'cantidad' is not defined
7081-120.jpg,/workspace/SDNET2018_LIMPIO/W/UW/7081-120.jpg,W,0,1,0.7618295550346375,name 'cantidad' is not defined
7124-117.jpg,/workspace/SDNET2018_LIMPIO/W/UW/7124-117.jpg,W,0,1,0.7300644516944885,name 'cantidad' is not defined
7051-207.jpg,/workspace/SDNET2018_LIMPIO/D/CD/7051-207.jpg,D,1,1,0.9892336130142212,name 'cantidad' is not defined
7116-49.jpg,/workspace/SDNET2018_LIMPIO/W/UW/7116-49.jpg,W,0,1,0.5062965154647827,name 'cantidad' is not defined
032-24.jpg,/workspace/SDNET2018_LIMPIO/P/UP/032-24.jpg,P,0,1,0.6930328011512756,name 'cantidad' is not defined
061-124.jpg,/workspace/SDNET2018_LIMPIO/P/CP/061-124.jpg,P,1,1,0.8873232007026672,name 'cantidad' is not defined
7093-16.jpg,/workspace/SDNET2018_LIMPIO/W/CW/7093-16.jpg,W,1,1,0.9734401702880859,name 'cantidad' is not defined
037-83.jpg,/workspace/SDNET2018_LIMPIO/P/CP/037-83.jpg,P,1,1,0.5528087615966797,name 'cantidad' is not defined
7009-97.jpg,/workspace/SDNET2018_LIMPIO/D/CD/7009-97.jpg,D,1,1,0.9999998807907104,name 'cantidad' is not defined
7090-25.jpg,/workspace/SDNET2018_LIMPIO/W/CW/7090-25.jpg,W,1,1,0.7443046569824219,name 'cantidad' is not defined
080-171.jpg,/workspace/SDNET2018_LIMPIO/P/CP/080-171.jpg,P,1,1,0.9999997615814209,name 'cantidad' is not defined
7131-149.jpg,/workspace/SDNET2018_LIMPIO/W/CW/7131-149.jpg,W,1,1,0.999593198299408,name 'cantidad' is not defined
7090-50.jpg,/workspace/SDNET2018_LIMPIO/W/CW/7090-50.jpg,W,1,1,0.9989280104637146,name 'cantidad' is not defined
7001-69.jpg,/workspace/SDNET2018_LIMPIO/D/UD/7001-69.jpg,D,0,1,0.8328015208244324,name 'cantidad' is not defined
086-150.jpg,/workspace/SDNET2018_LIMPIO/P/UP/086-150.jpg,P,0,1,0.6939033269882202,name 'cantidad' is not defined
7119-71.jpg,/workspace/SDNET2018_LIMPIO/W/CW/7119-71.jpg,W,1,1,0.7191025018692017,name 'cantidad' is not defined
092-108.jpg,/workspace/SDNET2018_LIMPIO/P/UP/092-108.jpg,P,0,1,0.6277347803115845,name 'cantidad' is not defined
7030-16.jpg,/workspace/SDNET2018_LIMPIO/D/UD/7030-16.jpg,D,0,1,0.5445543527603149,name 'cantidad' is not defined
7072-67.jpg,/workspace/SDNET2018_LIMPIO/W/CW/7072-67.jpg,W,1,1,0.8144829273223877,name 'cantidad' is not defined
100-147.jpg,/workspace/SDNET2018_LIMPIO/P/CP/100-147.jpg,P,1,1,0.9939075112342834,name 'cantidad' is not defined
7010-209.jpg,/workspace/SDNET2018_LIMPIO/D/CD/7010-209.jpg,D,1,1,0.9985169768333435,name 'cantidad' is not defined
7121-147.jpg,/workspace/SDNET2018_LIMPIO/W/UW/7121-147.jpg,W,0,1,0.5004305839538574,name 'cantidad' is not defined
7135-82.jpg,/workspace/SDNET2018_LIMPIO/W/CW/7135-82.jpg,W,1,1,0.9987963438034058,name 'cantidad' is not defined
7010-83.jpg,/workspace/SDNET2018_LIMPIO/D/UD/7010-83.jpg,D,0,1,0.5626324415206909,name 'cantidad' is not defined
057-67.jpg,/workspace/SDNET2018_LIMPIO/P/UP/057-67.jpg,P,0,1,0.8023412227630615,name 'cantidad' is not defined
101-159.jpg,/workspace/SDNET2018_LIMPIO/P/UP/101-159.jpg,P,0,1,0.7369319200515747,name 'cantidad' is not defined
7048-252.jpg,/workspace/SDNET2018_LIMPIO/D/CD/7048-252.jpg,D,1,1,0.9927939176559448,name 'cantidad' is not defined
7025-46.jpg,/workspace/SDNET2018_LIMPIO/D/CD/7025-46.jpg,D,1,1,0.9995219707489014,name 'cantidad' is not defined
7140-149.jpg,/workspace/SDNET2018_LIMPIO/W/CW/7140-149.jpg,W,1,1,1.0,name 'cantidad' is not defined
7103-206.jpg,/workspace/SDNET2018_LIMPIO/W/UW/7103-206.jpg,W,0,1,0.5868659615516663,name 'cantidad' is not defined
7079-170.jpg,/workspace/SDNET2018_LIMPIO/W/UW/7079-170.jpg,W,0,1,0.592241108417511,name 'cantidad' is not defined
092-75.jpg,/workspace/SDNET2018_LIMPIO/P/UP/092-75.jpg,P,0,1,0.5289927124977112,name 'cantidad' is not defined
7125-116.jpg,/workspace/SDNET2018_LIMPIO/W/CW/7125-116.jpg,W,1,1,0.5882573127746582,name 'cantidad' is not defined
7023-73.jpg,/workspace/SDNET2018_LIMPIO/D/CD/7023-73.jpg,D,1,1,0.5873799324035645,name 'cantidad' is not defined
034-102.jpg,/workspace/SDNET2018_LIMPIO/P/CP/034-102.jpg,P,1,1,0.9885146021842957,name 'cantidad' is not defined
7024-90.jpg,/workspace/SDNET2018_LIMPIO/D/UD/7024-90.jpg,D,0,1,0.9999744892120361,name 'cantidad' is not defined
071-60.jpg,/workspace/SDNET2018_LIMPIO/P/CP/071-60.jpg,P,1,1,0.6234583854675293,name 'cantidad' is not defined
7119-129.jpg,/workspace/SDNET2018_LIMPIO/W/UW/7119-129.jpg,W,0,1,0.8982468843460083,name 'cantidad' is not defined
005-25.jpg,/workspace/SDNET2018_LIMPIO/P/CP/005-25.jpg,P,1,1,0.6114733815193176,name 'cantidad' is not defined
7122-49.jpg,/workspace/SDNET2018_LIMPIO/W/UW/7122-49.jpg,W,0,1,0.6000471115112305,name 'cantidad' is not defined
7013-183.jpg,/workspace/SDNET2018_LIMPIO/D/CD/7013-183.jpg,D,1,1,0.5668226480484009,name 'cantidad' is not defined
7021-154.jpg,/workspace/SDNET2018_LIMPIO/D/CD/7021-154.jpg,D,1,1,0.9130071401596069,name 'cantidad' is not defined
023-25.jpg,/workspace/SDNET2018_LIMPIO/P/CP/023-25.jpg,P,1,1,0.9585455656051636,name 'cantidad' is not defined
7089-70.jpg,/workspace/SDNET2018_LIMPIO/W/CW/7089-70.jpg,W,1,1,0.845534086227417,name 'cantidad' is not defined
012-43.jpg,/workspace/SDNET2018_LIMPIO/P/UP/012-43.jpg,P,0,1,0.9810916185379028,name 'cantidad' is not defined
7070-98.jpg,/workspace/SDNET2018_LIMPIO/W/CW/7070-98.jpg,W,1,1,0.8970632553100586,name 'cantidad' is not defined
7122-173.jpg,/workspace/SDNET2018_LIMPIO/W/CW/7122-173.jpg,W,1,1,0.9995208978652954,name 'cantidad' is not defined
7031-225.jpg,/workspace/SDNET2018_LIMPIO/D/UD/7031-225.jpg,D,0,1,0.5261542201042175,name 'cantidad' is not defined
032-194.jpg,/workspace/SDNET2018_LIMPIO/P/UP/032-194.jpg,P,0,1,0.527661919593811,name 'cantidad' is not defined
7106-118.jpg,/workspace/SDNET2018_LIMPIO/W/CW/7106-118.jpg,W,1,1,0.9720247983932495,name 'cantidad' is not defined
073-39.jpg,/workspace/SDNET2018_LIMPIO/P/CP/073-39.jpg,P,1,1,0.7022632956504822,name 'cantidad' is not defined
7028-67.jpg,/workspace/SDNET2018_LIMPIO/D/UD/7028-67.jpg,D,0,1,0.5004627704620361,name 'cantidad' is not defined
7092-118.jpg,/workspace/SDNET2018_LIMPIO/W/UW/7092-118.jpg,W,0,1,0.5511083602905273,name 'cantidad' is not defined
7118-103.jpg,/workspace/SDNET2018_LIMPIO/W/UW/7118-103.jpg,W,0,1,0.6986724734306335,name 'cantidad' is not defined
7071-248.jpg,/workspace/SDNET2018_LIMPIO/W/UW/7071-248.jpg,W,0,1,0.6115188598632812,name 'cantidad' is not defined
7089-105.jpg,/workspace/SDNET2018_LIMPIO/W/UW/7089-105.jpg,W,0,1,0.821596086025238,name 'cantidad' is not defined
7027-224.jpg,/workspace/SDNET2018_LIMPIO/D/UD/7027-224.jpg,D,0,1,0.5631044507026672,name 'cantidad' is not defined
099-91.jpg,/workspace/SDNET2018_LIMPIO/P/CP/099-91.jpg,P,1,1,0.8851471543312073,name 'cantidad' is not defined
7046-112.jpg,/workspace/SDNET2018_LIMPIO/D/UD/7046-112.jpg,D,0,1,0.7052209973335266,name 'cantidad' is not defined
7112-246.jpg,/workspace/SDNET2018_LIMPIO/W/CW/7112-246.jpg,W,1,1,0.9360321760177612,name 'cantidad' is not defined
101-160.jpg,/workspace/SDNET2018_LIMPIO/P/UP/101-160.jpg,P,0,1,0.958389937877655,name 'cantidad' is not defined
7071-162.jpg,/workspace/SDNET2018_LIMPIO/W/UW/7071-162.jpg,W,0,1,0.5134507417678833,name 'cantidad' is not defined
7122-78.jpg,/workspace/SDNET2018_LIMPIO/W/UW/7122-78.jpg,W,0,1,0.9094523787498474,name 'cantidad' is not defined
7024-63.jpg,/workspace/SDNET2018_LIMPIO/D/CD/7024-63.jpg,D,1,1,0.9999998807907104,name 'cantidad' is not defined
7069-143.jpg,/workspace/SDNET2018_LIMPIO/W/UW/7069-143.jpg,W,0,1,0.5485947132110596,name 'cantidad' is not defined
7109-138.jpg,/workspace/SDNET2018_LIMPIO/W/CW/7109-138.jpg,W,1,1,0.9999650716781616,name 'cantidad' is not defined
7124-152.jpg,/workspace/SDNET2018_LIMPIO/W/UW/7124-152.jpg,W,0,1,0.550768256187439,name 'cantidad' is not defined
7023-55.jpg,/workspace/SDNET2018_LIMPIO/D/CD/7023-55.jpg,D,1,1,0.8650051355361938,name 'cantidad' is not defined
7041-48.jpg,/workspace/SDNET2018_LIMPIO/D/CD/7041-48.jpg,D,1,1,0.6384267807006836,name 'cantidad' is not defined
7086-100.jpg,/workspace/SDNET2018_LIMPIO/W/CW/7086-100.jpg,W,1,1,0.9511116743087769,name 'cantidad' is not defined
7078-43.jpg,/workspace/SDNET2018_LIMPIO/W/CW/7078-43.jpg,W,1,1,0.9999594688415527,name 'cantidad' is not defined
002-112.jpg,/workspace/SDNET2018_LIMPIO/P/UP/002-112.jpg,P,0,1,0.5056790709495544,name 'cantidad' is not defined
7080-156.jpg,/workspace/SDNET2018_LIMPIO/W/UW/7080-156.jpg,W,0,1,0.8173353672027588,name 'cantidad' is not defined
001-113.jpg,/workspace/SDNET2018_LIMPIO/P/CP/001-113.jpg,P,1,1,0.5588856935501099,name 'cantidad' is not defined
067-83.jpg,/workspace/SDNET2018_LIMPIO/P/CP/067-83.jpg,P,1,1,0.9062851667404175,name 'cantidad' is not defined
7080-202.jpg,/workspace/SDNET2018_LIMPIO/W/UW/7080-202.jpg,W,0,1,0.5107497572898865,name 'cantidad' is not defined
101-226.jpg,/workspace/SDNET2018_LIMPIO/P/CP/101-226.jpg,P,1,1,0.923556387424469,name 'cantidad' is not defined
7081-117.jpg,/workspace/SDNET2018_LIMPIO/W/CW/7081-117.jpg,W,1,1,0.9999998807907104,name 'cantidad' is not defined
7034-154.jpg,/workspace/SDNET2018_LIMPIO/D/UD/7034-154.jpg,D,0,1,0.7114347219467163,name 'cantidad' is not defined
041-132.jpg,/workspace/SDNET2018_LIMPIO/P/UP/041-132.jpg,P,0,1,0.7428077459335327,name 'cantidad' is not defined
7083-64.jpg,/workspace/SDNET2018_LIMPIO/W/CW/7083-64.jpg,W,1,1,0.9865710139274597,name 'cantidad' is not defined
7021-171.jpg,/workspace/SDNET2018_LIMPIO/D/CD/7021-171.jpg,D,1,1,0.9997269511222839,name 'cantidad' is not defined
7009-228.jpg,/workspace/SDNET2018_LIMPIO/D/UD/7009-228.jpg,D,0,1,0.840069055557251,name 'cantidad' is not defined
7079-14.jpg,/workspace/SDNET2018_LIMPIO/W/UW/7079-14.jpg,W,0,1,0.5289074778556824,name 'cantidad' is not defined
085-117.jpg,/workspace/SDNET2018_LIMPIO/P/CP/085-117.jpg,P,1,1,0.9934472441673279,name 'cantidad' is not defined
083-139.jpg,/workspace/SDNET2018_LIMPIO/P/CP/083-139.jpg,P,1,1,0.5296289324760437,name 'cantidad' is not defined
7007-200.jpg,/workspace/SDNET2018_LIMPIO/D/CD/7007-200.jpg,D,1,1,0.9009717106819153,name 'cantidad' is not defined
071-58.jpg,/workspace/SDNET2018_LIMPIO/P/CP/071-58.jpg,P,1,1,0.6308421492576599,name 'cantidad' is not defined
7124-51.jpg,/workspace/SDNET2018_LIMPIO/W/UW/7124-51.jpg,W,0,1,0.7939397692680359,name 'cantidad' is not defined
7047-207.jpg,/workspace/SDNET2018_LIMPIO/D/UD/7047-207.jpg,D,0,1,0.8273948431015015,name 'cantidad' is not defined
7001-241.jpg,/workspace/SDNET2018_LIMPIO/D/UD/7001-241.jpg,D,0,1,0.8864649534225464,name 'cantidad' is not defined
7075-33.jpg,/workspace/SDNET2018_LIMPIO/W/UW/7075-33.jpg,W,0,1,0.7303702235221863,name 'cantidad' is not defined
7082-166.jpg,/workspace/SDNET2018_LIMPIO/W/UW/7082-166.jpg,W,0,1,0.6084400415420532,name 'cantidad' is not defined
7089-158.jpg,/workspace/SDNET2018_LIMPIO/W/CW/7089-158.jpg,W,1,1,0.997941792011261,name 'cantidad' is not defined
024-208.jpg,/workspace/SDNET2018_LIMPIO/P/UP/024-208.jpg,P,0,1,0.9159942269325256,name 'cantidad' is not defined
7078-88.jpg,/workspace/SDNET2018_LIMPIO/W/UW/7078-88.jpg,W,0,1,0.6174008250236511,name 'cantidad' is not defined
7006-96.jpg,/workspace/SDNET2018_LIMPIO/D/CD/7006-96.jpg,D,1,1,0.9999990463256836,name 'cantidad' is not defined
003-61.jpg,/workspace/SDNET2018_LIMPIO/P/CP/003-61.jpg,P,1,1,0.9203983545303345,name 'cantidad' is not defined
008-134.jpg,/workspace/SDNET2018_LIMPIO/P/CP/008-134.jpg,P,1,1,0.5313803553581238,name 'cantidad' is not defined
7124-32.jpg,/workspace/SDNET2018_LIMPIO/W/UW/7124-32.jpg,W,0,1,0.5228955745697021,name 'cantidad' is not defined
7027-188.jpg,/workspace/SDNET2018_LIMPIO/D/CD/7027-188.jpg,D,1,1,0.7635202407836914,name 'cantidad' is not defined
7140-104.jpg,/workspace/SDNET2018_LIMPIO/W/UW/7140-104.jpg,W,0,1,0.5284610986709595,name 'cantidad' is not defined
7016-118.jpg,/workspace/SDNET2018_LIMPIO/D/CD/7016-118.jpg,D,1,1,0.9996090531349182,name 'cantidad' is not defined
7049-32.jpg,/workspace/SDNET2018_LIMPIO/D/UD/7049-32.jpg,D,0,1,0.6911544799804688,name 'cantidad' is not defined
081-208.jpg,/workspace/SDNET2018_LIMPIO/P/UP/081-208.jpg,P,0,1,0.5345460176467896,name 'cantidad' is not defined
7073-99.jpg,/workspace/SDNET2018_LIMPIO/W/CW/7073-99.jpg,W,1,1,0.9998047947883606,name 'cantidad' is not defined
7077-134.jpg,/workspace/SDNET2018_LIMPIO/W/CW/7077-134.jpg,W,1,1,0.5338526964187622,name 'cantidad' is not defined
7087-121.jpg,/workspace/SDNET2018_LIMPIO/W/CW/7087-121.jpg,W,1,1,0.9248828887939453,name 'cantidad' is not defined
7069-75.jpg,/workspace/SDNET2018_LIMPIO/W/CW/7069-75.jpg,W,1,1,0.5701261162757874,name 'cantidad' is not defined
029-120.jpg,/workspace/SDNET2018_LIMPIO/P/CP/029-120.jpg,P,1,1,0.774894118309021,name 'cantidad' is not defined
039-190.jpg,/workspace/SDNET2018_LIMPIO/P/UP/039-190.jpg,P,0,1,0.9975364208221436,name 'cantidad' is not defined
062-115.jpg,/workspace/SDNET2018_LIMPIO/P/CP/062-115.jpg,P,1,1,0.9996641874313354,name 'cantidad' is not defined
7083-186.jpg,/workspace/SDNET2018_LIMPIO/W/CW/7083-186.jpg,W,1,1,0.9796333312988281,name 'cantidad' is not defined
073-64.jpg,/workspace/SDNET2018_LIMPIO/P/CP/073-64.jpg,P,1,1,0.5032971501350403,name 'cantidad' is not defined
7011-107.jpg,/workspace/SDNET2018_LIMPIO/D/CD/7011-107.jpg,D,1,1,0.9971428513526917,name 'cantidad' is not defined
7018-140.jpg,/workspace/SDNET2018_LIMPIO/D/CD/7018-140.jpg,D,1,1,0.9998862743377686,name 'cantidad' is not defined
7117-88.jpg,/workspace/SDNET2018_LIMPIO/W/UW/7117-88.jpg,W,0,1,0.5505221486091614,name 'cantidad' is not defined
7097-223.jpg,/workspace/SDNET2018_LIMPIO/W/CW/7097-223.jpg,W,1,1,0.9999963045120239,name 'cantidad' is not defined
030-100.jpg,/workspace/SDNET2018_LIMPIO/P/CP/030-100.jpg,P,1,1,0.9999774694442749,name 'cantidad' is not defined
100-2.jpg,/workspace/SDNET2018_LIMPIO/P/UP/100-2.jpg,P,0,1,0.8655490279197693,name 'cantidad' is not defined
024-99.jpg,/workspace/SDNET2018_LIMPIO/P/UP/024-99.jpg,P,0,1,0.7415729761123657,name 'cantidad' is not defined
7104-102.jpg,/workspace/SDNET2018_LIMPIO/W/UW/7104-102.jpg,W,0,1,0.5707169771194458,name 'cantidad' is not defined
7069-11.jpg,/workspace/SDNET2018_LIMPIO/W/UW/7069-11.jpg,W,0,1,0.6625450849533081,name 'cantidad' is not defined
7077-128.jpg,/workspace/SDNET2018_LIMPIO/W/CW/7077-128.jpg,W,1,1,0.9749016165733337,name 'cantidad' is not defined
7089-147.jpg,/workspace/SDNET2018_LIMPIO/W/UW/7089-147.jpg,W,0,1,0.6161189675331116,name 'cantidad' is not defined
083-75.jpg,/workspace/SDNET2018_LIMPIO/P/CP/083-75.jpg,P,1,1,0.6931243538856506,name 'cantidad' is not defined
7138-78.jpg,/workspace/SDNET2018_LIMPIO/W/UW/7138-78.jpg,W,0,1,0.9686832427978516,name 'cantidad' is not defined
005-82.jpg,/workspace/SDNET2018_LIMPIO/P/CP/005-82.jpg,P,1,1,0.8480992913246155,name 'cantidad' is not defined
067-87.jpg,/workspace/SDNET2018_LIMPIO/P/CP/067-87.jpg,P,1,1,0.98119056224823,name 'cantidad' is not defined
078-71.jpg,/workspace/SDNET2018_LIMPIO/P/CP/078-71.jpg,P,1,1,0.9998509883880615,name 'cantidad' is not defined
7037-115.jpg,/workspace/SDNET2018_LIMPIO/D/CD/7037-115.jpg,D,1,1,0.9999997615814209,name 'cantidad' is not defined
060-81.jpg,/workspace/SDNET2018_LIMPIO/P/CP/060-81.jpg,P,1,1,0.9957655668258667,name 'cantidad' is not defined
7118-137.jpg,/workspace/SDNET2018_LIMPIO/W/UW/7118-137.jpg,W,0,1,0.8274944424629211,name 'cantidad' is not defined
076-157.jpg,/workspace/SDNET2018_LIMPIO/P/CP/076-157.jpg,P,1,1,0.9715377688407898,name 'cantidad' is not defined
7051-152.jpg,/workspace/SDNET2018_LIMPIO/D/CD/7051-152.jpg,D,1,1,0.7520080804824829,name 'cantidad' is not defined
7025-188.jpg,/workspace/SDNET2018_LIMPIO/D/UD/7025-188.jpg,D,0,1,0.5542371273040771,name 'cantidad' is not defined
7012-102.jpg,/workspace/SDNET2018_LIMPIO/D/CD/7012-102.jpg,D,1,1,1.0,name 'cantidad' is not defined
7128-21.jpg,/workspace/SDNET2018_LIMPIO/W/UW/7128-21.jpg,W,0,1,0.7515580058097839,name 'cantidad' is not defined
088-214.jpg,/workspace/SDNET2018_LIMPIO/P/CP/088-214.jpg,P,1,1,0.9992351531982422,name 'cantidad' is not defined
7024-64.jpg,/workspace/SDNET2018_LIMPIO/D/CD/7024-64.jpg,D,1,1,0.9979888200759888,name 'cantidad' is not defined
7131-104.jpg,/workspace/SDNET2018_LIMPIO/W/CW/7131-104.jpg,W,1,1,0.9997801184654236,name 'cantidad' is not defined
102-104.jpg,/workspace/SDNET2018_LIMPIO/P/UP/102-104.jpg,P,0,1,0.5658583045005798,name 'cantidad' is not defined
024-135.jpg,/workspace/SDNET2018_LIMPIO/P/UP/024-135.jpg,P,0,1,0.8234116435050964,name 'cantidad' is not defined
7082-82.jpg,/workspace/SDNET2018_LIMPIO/W/CW/7082-82.jpg,W,1,1,0.9999936819076538,name 'cantidad' is not defined
7076-95.jpg,/workspace/SDNET2018_LIMPIO/W/UW/7076-95.jpg,W,0,1,0.7339680194854736,name 'cantidad' is not defined
7089-61.jpg,/workspace/SDNET2018_LIMPIO/W/UW/7089-61.jpg,W,0,1,0.6584462523460388,name 'cantidad' is not defined
7025-106.jpg,/workspace/SDNET2018_LIMPIO/D/UD/7025-106.jpg,D,0,1,0.9970654845237732,name 'cantidad' is not defined
7075-170.jpg,/workspace/SDNET2018_LIMPIO/W/CW/7075-170.jpg,W,1,1,0.9999994039535522,name 'cantidad' is not defined
024-228.jpg,/workspace/SDNET2018_LIMPIO/P/UP/024-228.jpg,P,0,1,0.6808680891990662,name 'cantidad' is not defined
7069-224.jpg,/workspace/SDNET2018_LIMPIO/W/UW/7069-224.jpg,W,0,1,0.7045841813087463,name 'cantidad' is not defined
7030-214.jpg,/workspace/SDNET2018_LIMPIO/D/UD/7030-214.jpg,D,0,1,0.5449659824371338,name 'cantidad' is not defined
7069-162.jpg,/workspace/SDNET2018_LIMPIO/W/CW/7069-162.jpg,W,1,1,0.6247563362121582,name 'cantidad' is not defined
7069-227.jpg,/workspace/SDNET2018_LIMPIO/W/UW/7069-227.jpg,W,0,1,0.5965206027030945,name 'cantidad' is not defined
7045-10.jpg,/workspace/SDNET2018_LIMPIO/D/UD/7045-10.jpg,D,0,1,0.6550977826118469,name 'cantidad' is not defined
092-26.jpg,/workspace/SDNET2018_LIMPIO/P/CP/092-26.jpg,P,1,1,0.996454119682312,name 'cantidad' is not defined
7084-42.jpg,/workspace/SDNET2018_LIMPIO/W/UW/7084-42.jpg,W,0,1,0.6414375901222229,name 'cantidad' is not defined
7081-53.jpg,/workspace/SDNET2018_LIMPIO/W/CW/7081-53.jpg,W,1,1,0.9253790974617004,name 'cantidad' is not defined
065-104.jpg,/workspace/SDNET2018_LIMPIO/P/CP/065-104.jpg,P,1,1,0.9999662637710571,name 'cantidad' is not defined
7025-172.jpg,/workspace/SDNET2018_LIMPIO/D/UD/7025-172.jpg,D,0,1,0.6490510106086731,name 'cantidad' is not defined
7080-227.jpg,/workspace/SDNET2018_LIMPIO/W/UW/7080-227.jpg,W,0,1,0.5223788022994995,name 'cantidad' is not defined
7131-159.jpg,/workspace/SDNET2018_LIMPIO/W/CW/7131-159.jpg,W,1,1,0.9995966553688049,name 'cantidad' is not defined
7104-52.jpg,/workspace/SDNET2018_LIMPIO/W/UW/7104-52.jpg,W,0,1,0.5203221440315247,name 'cantidad' is not defined
7080-203.jpg,/workspace/SDNET2018_LIMPIO/W/CW/7080-203.jpg,W,1,1,0.9897604584693909,name 'cantidad' is not defined
7083-15.jpg,/workspace/SDNET2018_LIMPIO/W/UW/7083-15.jpg,W,0,1,0.7972204685211182,name 'cantidad' is not defined
7115-130.jpg,/workspace/SDNET2018_LIMPIO/W/UW/7115-130.jpg,W,0,1,0.8121536374092102,name 'cantidad' is not defined
7118-63.jpg,/workspace/SDNET2018_LIMPIO/W/CW/7118-63.jpg,W,1,1,0.5350274443626404,name 'cantidad' is not defined
7049-106.jpg,/workspace/SDNET2018_LIMPIO/D/CD/7049-106.jpg,D,1,1,0.8783418536186218,name 'cantidad' is not defined
083-120.jpg,/workspace/SDNET2018_LIMPIO/P/CP/083-120.jpg,P,1,1,0.6288667321205139,name 'cantidad' is not defined
7007-179.jpg,/workspace/SDNET2018_LIMPIO/D/UD/7007-179.jpg,D,0,1,0.638940691947937,name 'cantidad' is not defined
7030-241.jpg,/workspace/SDNET2018_LIMPIO/D/UD/7030-241.jpg,D,0,1,0.7699339389801025,name 'cantidad' is not defined
7081-4.jpg,/workspace/SDNET2018_LIMPIO/W/UW/7081-4.jpg,W,0,1,0.8767169117927551,name 'cantidad' is not defined
7073-7.jpg,/workspace/SDNET2018_LIMPIO/W/CW/7073-7.jpg,W,1,1,0.9313163757324219,name 'cantidad' is not defined
074-61.jpg,/workspace/SDNET2018_LIMPIO/P/CP/074-61.jpg,P,1,1,0.9663682579994202,name 'cantidad' is not defined
097-148.jpg,/workspace/SDNET2018_LIMPIO/P/UP/097-148.jpg,P,0,1,0.8009718656539917,name 'cantidad' is not defined
101-151.jpg,/workspace/SDNET2018_LIMPIO/P/UP/101-151.jpg,P,0,1,0.7458385229110718,name 'cantidad' is not defined
7046-122.jpg,/workspace/SDNET2018_LIMPIO/D/UD/7046-122.jpg,D,0,1,0.7178164124488831,name 'cantidad' is not defined
002-98.jpg,/workspace/SDNET2018_LIMPIO/P/CP/002-98.jpg,P,1,1,0.8994128704071045,name 'cantidad' is not defined
066-105.jpg,/workspace/SDNET2018_LIMPIO/P/UP/066-105.jpg,P,0,1,0.7592905163764954,name 'cantidad' is not defined
029-215.jpg,/workspace/SDNET2018_LIMPIO/P/UP/029-215.jpg,P,0,1,0.9471970200538635,name 'cantidad' is not defined
7054-225.jpg,/workspace/SDNET2018_LIMPIO/D/UD/7054-225.jpg,D,0,1,0.5475673079490662,name 'cantidad' is not defined
7084-33.jpg,/workspace/SDNET2018_LIMPIO/W/CW/7084-33.jpg,W,1,1,0.9949451088905334,name 'cantidad' is not defined
7088-106.jpg,/workspace/SDNET2018_LIMPIO/W/CW/7088-106.jpg,W,1,1,0.9984097480773926,name 'cantidad' is not defined
045-79.jpg,/workspace/SDNET2018_LIMPIO/P/UP/045-79.jpg,P,0,1,0.9545810222625732,name 'cantidad' is not defined
7071-142.jpg,/workspace/SDNET2018_LIMPIO/W/UW/7071-142.jpg,W,0,1,0.5631445050239563,name 'cantidad' is not defined
067-107.jpg,/workspace/SDNET2018_LIMPIO/P/CP/067-107.jpg,P,1,1,0.9991918206214905,name 'cantidad' is not defined
030-19.jpg,/workspace/SDNET2018_LIMPIO/P/UP/030-19.jpg,P,0,1,0.7556540966033936,name 'cantidad' is not defined
7080-37.jpg,/workspace/SDNET2018_LIMPIO/W/UW/7080-37.jpg,W,0,1,0.5974704623222351,name 'cantidad' is not defined
7053-218.jpg,/workspace/SDNET2018_LIMPIO/D/UD/7053-218.jpg,D,0,1,0.7070147395133972,name 'cantidad' is not defined
7072-97.jpg,/workspace/SDNET2018_LIMPIO/W/CW/7072-97.jpg,W,1,1,0.9402090311050415,name 'cantidad' is not defined
083-80.jpg,/workspace/SDNET2018_LIMPIO/P/UP/083-80.jpg,P,0,1,0.6166628003120422,name 'cantidad' is not defined
062-100.jpg,/workspace/SDNET2018_LIMPIO/P/CP/062-100.jpg,P,1,1,0.9999980926513672,name 'cantidad' is not defined
7069-54.jpg,/workspace/SDNET2018_LIMPIO/W/CW/7069-54.jpg,W,1,1,0.999832272529602,name 'cantidad' is not defined
7019-133.jpg,/workspace/SDNET2018_LIMPIO/D/CD/7019-133.jpg,D,1,1,1.0,name 'cantidad' is not defined
7129-102.jpg,/workspace/SDNET2018_LIMPIO/W/UW/7129-102.jpg,W,0,1,0.5511250495910645,name 'cantidad' is not defined
7037-28.jpg,/workspace/SDNET2018_LIMPIO/D/CD/7037-28.jpg,D,1,1,0.9103384613990784,name 'cantidad' is not defined
7011-43.jpg,/workspace/SDNET2018_LIMPIO/D/CD/7011-43.jpg,D,1,1,0.9891313314437866,name 'cantidad' is not defined
7131-63.jpg,/workspace/SDNET2018_LIMPIO/W/UW/7131-63.jpg,W,0,1,0.6239455342292786,name 'cantidad' is not defined
7003-92.jpg,/workspace/SDNET2018_LIMPIO/D/UD/7003-92.jpg,D,0,1,0.617631196975708,name 'cantidad' is not defined
7120-63.jpg,/workspace/SDNET2018_LIMPIO/W/CW/7120-63.jpg,W,1,1,0.9999996423721313,name 'cantidad' is not defined
096-118.jpg,/workspace/SDNET2018_LIMPIO/P/CP/096-118.jpg,P,1,1,0.5242406725883484,name 'cantidad' is not defined
7128-69.jpg,/workspace/SDNET2018_LIMPIO/W/UW/7128-69.jpg,W,0,1,0.5638960599899292,name 'cantidad' is not defined
093-100.jpg,/workspace/SDNET2018_LIMPIO/P/CP/093-100.jpg,P,1,1,0.9936553239822388,name 'cantidad' is not defined
7006-170.jpg,/workspace/SDNET2018_LIMPIO/D/CD/7006-170.jpg,D,1,1,0.8195613622665405,name 'cantidad' is not defined
024-191.jpg,/workspace/SDNET2018_LIMPIO/P/UP/024-191.jpg,P,0,1,0.7521182298660278,name 'cantidad' is not defined
7088-158.jpg,/workspace/SDNET2018_LIMPIO/W/UW/7088-158.jpg,W,0,1,0.6943358182907104,name 'cantidad' is not defined
076-138.jpg,/workspace/SDNET2018_LIMPIO/P/CP/076-138.jpg,P,1,1,0.9985926747322083,name 'cantidad' is not defined
7024-239.jpg,/workspace/SDNET2018_LIMPIO/D/UD/7024-239.jpg,D,0,1,0.69245445728302,name 'cantidad' is not defined
7071-39.jpg,/workspace/SDNET2018_LIMPIO/W/UW/7071-39.jpg,W,0,1,0.7329081892967224,name 'cantidad' is not defined
053-152.jpg,/workspace/SDNET2018_LIMPIO/P/CP/053-152.jpg,P,1,1,0.9882211089134216,name 'cantidad' is not defined
7087-33.jpg,/workspace/SDNET2018_LIMPIO/W/UW/7087-33.jpg,W,0,1,0.6515036225318909,name 'cantidad' is not defined
7117-98.jpg,/workspace/SDNET2018_LIMPIO/W/CW/7117-98.jpg,W,1,1,0.9821110367774963,name 'cantidad' is not defined
7124-135.jpg,/workspace/SDNET2018_LIMPIO/W/CW/7124-135.jpg,W,1,1,0.7285208106040955,name 'cantidad' is not defined
7021-207.jpg,/workspace/SDNET2018_LIMPIO/D/CD/7021-207.jpg,D,1,1,0.9996242523193359,name 'cantidad' is not defined
7003-37.jpg,/workspace/SDNET2018_LIMPIO/D/UD/7003-37.jpg,D,0,1,0.5143877267837524,name 'cantidad' is not defined
7128-7.jpg,/workspace/SDNET2018_LIMPIO/W/UW/7128-7.jpg,W,0,1,0.5888959169387817,name 'cantidad' is not defined
104-103.jpg,/workspace/SDNET2018_LIMPIO/P/CP/104-103.jpg,P,1,1,0.9999979734420776,name 'cantidad' is not defined
7130-22.jpg,/workspace/SDNET2018_LIMPIO/W/UW/7130-22.jpg,W,0,1,0.8578767776489258,name 'cantidad' is not defined
7132-136.jpg,/workspace/SDNET2018_LIMPIO/W/UW/7132-136.jpg,W,0,1,0.5736237168312073,name 'cantidad' is not defined
016-61.jpg,/workspace/SDNET2018_LIMPIO/P/UP/016-61.jpg,P,0,1,0.5978909730911255,name 'cantidad' is not defined
065-111.jpg,/workspace/SDNET2018_LIMPIO/P/CP/065-111.jpg,P,1,1,0.9999724626541138,name 'cantidad' is not defined
081-138.jpg,/workspace/SDNET2018_LIMPIO/P/CP/081-138.jpg,P,1,1,0.9995338916778564,name 'cantidad' is not defined
094-153.jpg,/workspace/SDNET2018_LIMPIO/P/UP/094-153.jpg,P,0,1,0.5727127194404602,name 'cantidad' is not defined
033-91.jpg,/workspace/SDNET2018_LIMPIO/P/CP/033-91.jpg,P,1,1,0.9999992847442627,name 'cantidad' is not defined
7093-27.jpg,/workspace/SDNET2018_LIMPIO/W/CW/7093-27.jpg,W,1,1,0.999658465385437,name 'cantidad' is not defined
7079-107.jpg,/workspace/SDNET2018_LIMPIO/W/CW/7079-107.jpg,W,1,1,0.7190567255020142,name 'cantidad' is not defined
074-84.jpg,/workspace/SDNET2018_LIMPIO/P/CP/074-84.jpg,P,1,1,0.9165575504302979,name 'cantidad' is not defined
7046-138.jpg,/workspace/SDNET2018_LIMPIO/D/CD/7046-138.jpg,D,1,1,0.9996978044509888,name 'cantidad' is not defined
7071-91.jpg,/workspace/SDNET2018_LIMPIO/W/UW/7071-91.jpg,W,0,1,0.5990484952926636,name 'cantidad' is not defined
7071-169.jpg,/workspace/SDNET2018_LIMPIO/W/CW/7071-169.jpg,W,1,1,0.8505756855010986,name 'cantidad' is not defined
050-75.jpg,/workspace/SDNET2018_LIMPIO/P/CP/050-75.jpg,P,1,1,0.9630394577980042,name 'cantidad' is not defined
7013-150.jpg,/workspace/SDNET2018_LIMPIO/D/CD/7013-150.jpg,D,1,1,1.0,name 'cantidad' is not defined
018-99.jpg,/workspace/SDNET2018_LIMPIO/P/CP/018-99.jpg,P,1,1,0.9999382495880127,name 'cantidad' is not defined
7088-22.jpg,/workspace/SDNET2018_LIMPIO/W/UW/7088-22.jpg,W,0,1,0.9871041178703308,name 'cantidad' is not defined
024-39.jpg,/workspace/SDNET2018_LIMPIO/P/UP/024-39.jpg,P,0,1,0.7802547812461853,name 'cantidad' is not defined
7100-175.jpg,/workspace/SDNET2018_LIMPIO/W/CW/7100-175.jpg,W,1,1,0.5463701486587524,name 'cantidad' is not defined
7043-216.jpg,/workspace/SDNET2018_LIMPIO/D/UD/7043-216.jpg,D,0,1,0.5871798992156982,name 'cantidad' is not defined
7022-73.jpg,/workspace/SDNET2018_LIMPIO/D/UD/7022-73.jpg,D,0,1,0.8021175861358643,name 'cantidad' is not defined
7122-46.jpg,/workspace/SDNET2018_LIMPIO/W/UW/7122-46.jpg,W,0,1,0.9877069592475891,name 'cantidad' is not defined
7023-143.jpg,/workspace/SDNET2018_LIMPIO/D/UD/7023-143.jpg,D,0,1,0.5045657753944397,name 'cantidad' is not defined
7089-165.jpg,/workspace/SDNET2018_LIMPIO/W/UW/7089-165.jpg,W,0,1,0.6311038136482239,name 'cantidad' is not defined
7114-136.jpg,/workspace/SDNET2018_LIMPIO/W/CW/7114-136.jpg,W,1,1,0.5190731883049011,name 'cantidad' is not defined
7018-84.jpg,/workspace/SDNET2018_LIMPIO/D/CD/7018-84.jpg,D,1,1,0.9610539078712463,name 'cantidad' is not defined
7081-185.jpg,/workspace/SDNET2018_LIMPIO/W/CW/7081-185.jpg,W,1,1,0.5572430491447449,name 'cantidad' is not defined
081-197.jpg,/workspace/SDNET2018_LIMPIO/P/CP/081-197.jpg,P,1,1,0.5687098503112793,name 'cantidad' is not defined
7031-224.jpg,/workspace/SDNET2018_LIMPIO/D/UD/7031-224.jpg,D,0,1,0.9600005745887756,name 'cantidad' is not defined
7021-97.jpg,/workspace/SDNET2018_LIMPIO/D/CD/7021-97.jpg,D,1,1,0.9251950979232788,name 'cantidad' is not defined
7015-217.jpg,/workspace/SDNET2018_LIMPIO/D/CD/7015-217.jpg,D,1,1,0.9999998807907104,name 'cantidad' is not defined
7140-139.jpg,/workspace/SDNET2018_LIMPIO/W/UW/7140-139.jpg,W,0,1,0.5104689598083496,name 'cantidad' is not defined
7072-85.jpg,/workspace/SDNET2018_LIMPIO/W/CW/7072-85.jpg,W,1,1,0.6829712390899658,name 'cantidad' is not defined
017-136.jpg,/workspace/SDNET2018_LIMPIO/P/UP/017-136.jpg,P,0,1,0.7189233899116516,name 'cantidad' is not defined
023-82.jpg,/workspace/SDNET2018_LIMPIO/P/CP/023-82.jpg,P,1,1,0.9658356308937073,name 'cantidad' is not defined
7140-30_2.jpg,/workspace/SDNET2018_LIMPIO/W/CW/7140-30_2.jpg,W,1,1,0.874525785446167,name 'cantidad' is not defined
7092-220.jpg,/workspace/SDNET2018_LIMPIO/W/CW/7092-220.jpg,W,1,1,0.5431399941444397,name 'cantidad' is not defined
092-48.jpg,/workspace/SDNET2018_LIMPIO/P/UP/092-48.jpg,P,0,1,0.8532416820526123,name 'cantidad' is not defined
7104-119.jpg,/workspace/SDNET2018_LIMPIO/W/UW/7104-119.jpg,W,0,1,0.5737550258636475,name 'cantidad' is not defined
032-88.jpg,/workspace/SDNET2018_LIMPIO/P/UP/032-88.jpg,P,0,1,0.629004716873169,name 'cantidad' is not defined
084-115.jpg,/workspace/SDNET2018_LIMPIO/P/CP/084-115.jpg,P,1,1,0.9998553991317749,name 'cantidad' is not defined
7051-8.jpg,/workspace/SDNET2018_LIMPIO/D/UD/7051-8.jpg,D,0,1,0.6969380378723145,name 'cantidad' is not defined
7111-170.jpg,/workspace/SDNET2018_LIMPIO/W/CW/7111-170.jpg,W,1,1,0.99998939037323,name 'cantidad' is not defined
7083-28.jpg,/workspace/SDNET2018_LIMPIO/W/CW/7083-28.jpg,W,1,1,0.9294735193252563,name 'cantidad' is not defined
7008-89.jpg,/workspace/SDNET2018_LIMPIO/D/UD/7008-89.jpg,D,0,1,0.5609226822853088,name 'cantidad' is not defined
7053-113.jpg,/workspace/SDNET2018_LIMPIO/D/CD/7053-113.jpg,D,1,1,0.9917908906936646,name 'cantidad' is not defined
7118-79.jpg,/workspace/SDNET2018_LIMPIO/W/UW/7118-79.jpg,W,0,1,0.596741795539856,name 'cantidad' is not defined
7011-173.jpg,/workspace/SDNET2018_LIMPIO/D/UD/7011-173.jpg,D,0,1,0.6578255295753479,name 'cantidad' is not defined
7010-202.jpg,/workspace/SDNET2018_LIMPIO/D/CD/7010-202.jpg,D,1,1,0.8242101073265076,name 'cantidad' is not defined
7083-231.jpg,/workspace/SDNET2018_LIMPIO/W/CW/7083-231.jpg,W,1,1,0.865501880645752,name 'cantidad' is not defined
092-64.jpg,/workspace/SDNET2018_LIMPIO/P/CP/092-64.jpg,P,1,1,0.9998334646224976,name 'cantidad' is not defined
043-138.jpg,/workspace/SDNET2018_LIMPIO/P/UP/043-138.jpg,P,0,1,0.5258764028549194,name 'cantidad' is not defined
058-231.jpg,/workspace/SDNET2018_LIMPIO/P/UP/058-231.jpg,P,0,1,0.638010561466217,name 'cantidad' is not defined
7127-183.jpg,/workspace/SDNET2018_LIMPIO/W/CW/7127-183.jpg,W,1,1,0.9752723574638367,name 'cantidad' is not defined
036-98.jpg,/workspace/SDNET2018_LIMPIO/P/UP/036-98.jpg,P,0,1,0.5778237581253052,name 'cantidad' is not defined
7124-82.jpg,/workspace/SDNET2018_LIMPIO/W/UW/7124-82.jpg,W,0,1,0.6790874004364014,name 'cantidad' is not defined
016-78.jpg,/workspace/SDNET2018_LIMPIO/P/UP/016-78.jpg,P,0,1,0.7786359786987305,name 'cantidad' is not defined
7078-79.jpg,/workspace/SDNET2018_LIMPIO/W/CW/7078-79.jpg,W,1,1,0.9836906790733337,name 'cantidad' is not defined
068-89.jpg,/workspace/SDNET2018_LIMPIO/P/CP/068-89.jpg,P,1,1,0.9999403953552246,name 'cantidad' is not defined
7010-111.jpg,/workspace/SDNET2018_LIMPIO/D/UD/7010-111.jpg,D,0,1,0.5497416853904724,name 'cantidad' is not defined
072-39.jpg,/workspace/SDNET2018_LIMPIO/P/CP/072-39.jpg,P,1,1,0.8046364188194275,name 'cantidad' is not defined
7096-226.jpg,/workspace/SDNET2018_LIMPIO/W/CW/7096-226.jpg,W,1,1,0.9998447895050049,name 'cantidad' is not defined
035-29.jpg,/workspace/SDNET2018_LIMPIO/P/UP/035-29.jpg,P,0,1,0.5909884572029114,name 'cantidad' is not defined
7074-60.jpg,/workspace/SDNET2018_LIMPIO/W/CW/7074-60.jpg,W,1,1,0.5211285352706909,name 'cantidad' is not defined
7072-195.jpg,/workspace/SDNET2018_LIMPIO/W/CW/7072-195.jpg,W,1,1,0.9236156344413757,name 'cantidad' is not defined
7093-58.jpg,/workspace/SDNET2018_LIMPIO/W/CW/7093-58.jpg,W,1,1,0.6402018070220947,name 'cantidad' is not defined
7133-116.jpg,/workspace/SDNET2018_LIMPIO/W/UW/7133-116.jpg,W,0,1,0.9978450536727905,name 'cantidad' is not defined
7135-121.jpg,/workspace/SDNET2018_LIMPIO/W/UW/7135-121.jpg,W,0,1,0.6019613146781921,name 'cantidad' is not defined
7029-207.jpg,/workspace/SDNET2018_LIMPIO/D/UD/7029-207.jpg,D,0,1,0.5695407390594482,name 'cantidad' is not defined
7052-111.jpg,/workspace/SDNET2018_LIMPIO/D/UD/7052-111.jpg,D,0,1,0.5762279033660889,name 'cantidad' is not defined
056-131.jpg,/workspace/SDNET2018_LIMPIO/P/CP/056-131.jpg,P,1,1,0.5310906171798706,name 'cantidad' is not defined
044-128.jpg,/workspace/SDNET2018_LIMPIO/P/UP/044-128.jpg,P,0,1,0.9672362804412842,name 'cantidad' is not defined
095-91.jpg,/workspace/SDNET2018_LIMPIO/P/UP/095-91.jpg,P,0,1,0.706626296043396,name 'cantidad' is not defined
7113-131.jpg,/workspace/SDNET2018_LIMPIO/W/UW/7113-131.jpg,W,0,1,0.5858187079429626,name 'cantidad' is not defined
7122-171.jpg,/workspace/SDNET2018_LIMPIO/W/CW/7122-171.jpg,W,1,1,0.9433614015579224,name 'cantidad' is not defined
7084-26.jpg,/workspace/SDNET2018_LIMPIO/W/CW/7084-26.jpg,W,1,1,0.9999850988388062,name 'cantidad' is not defined
7085-131.jpg,/workspace/SDNET2018_LIMPIO/W/UW/7085-131.jpg,W,0,1,0.7578331828117371,name 'cantidad' is not defined
096-218.jpg,/workspace/SDNET2018_LIMPIO/P/CP/096-218.jpg,P,1,1,0.6664859652519226,name 'cantidad' is not defined
7051-185.jpg,/workspace/SDNET2018_LIMPIO/D/UD/7051-185.jpg,D,0,1,0.5099566578865051,name 'cantidad' is not defined
096-223.jpg,/workspace/SDNET2018_LIMPIO/P/UP/096-223.jpg,P,0,1,0.7680255174636841,name 'cantidad' is not defined
7122-112.jpg,/workspace/SDNET2018_LIMPIO/W/UW/7122-112.jpg,W,0,1,0.8516695499420166,name 'cantidad' is not defined
7028-26.jpg,/workspace/SDNET2018_LIMPIO/D/CD/7028-26.jpg,D,1,1,0.78693687915802,name 'cantidad' is not defined
7012-60.jpg,/workspace/SDNET2018_LIMPIO/D/UD/7012-60.jpg,D,0,1,0.5609714984893799,name 'cantidad' is not defined
096-99.jpg,/workspace/SDNET2018_LIMPIO/P/CP/096-99.jpg,P,1,1,0.5272803902626038,name 'cantidad' is not defined
7139-101.jpg,/workspace/SDNET2018_LIMPIO/W/UW/7139-101.jpg,W,0,1,0.557855486869812,name 'cantidad' is not defined
7025-53.jpg,/workspace/SDNET2018_LIMPIO/D/UD/7025-53.jpg,D,0,1,0.999994158744812,name 'cantidad' is not defined
7118-45.jpg,/workspace/SDNET2018_LIMPIO/W/CW/7118-45.jpg,W,1,1,0.8231512308120728,name 'cantidad' is not defined
7135-85.jpg,/workspace/SDNET2018_LIMPIO/W/UW/7135-85.jpg,W,0,1,0.5533664226531982,name 'cantidad' is not defined
7017-133.jpg,/workspace/SDNET2018_LIMPIO/D/CD/7017-133.jpg,D,1,1,0.5438263416290283,name 'cantidad' is not defined
090-113.jpg,/workspace/SDNET2018_LIMPIO/P/UP/090-113.jpg,P,0,1,0.7148758172988892,name 'cantidad' is not defined
056-124.jpg,/workspace/SDNET2018_LIMPIO/P/UP/056-124.jpg,P,0,1,0.6093558073043823,name 'cantidad' is not defined
7070-96.jpg,/workspace/SDNET2018_LIMPIO/W/CW/7070-96.jpg,W,1,1,0.9990422129631042,name 'cantidad' is not defined
7027-174.jpg,/workspace/SDNET2018_LIMPIO/D/CD/7027-174.jpg,D,1,1,0.999998927116394,name 'cantidad' is not defined
025-166.jpg,/workspace/SDNET2018_LIMPIO/P/UP/025-166.jpg,P,0,1,0.7572704553604126,name 'cantidad' is not defined
7084-68.jpg,/workspace/SDNET2018_LIMPIO/W/UW/7084-68.jpg,W,0,1,0.795474648475647,name 'cantidad' is not defined
7086-22.jpg,/workspace/SDNET2018_LIMPIO/W/UW/7086-22.jpg,W,0,1,0.7078976631164551,name 'cantidad' is not defined
035-27.jpg,/workspace/SDNET2018_LIMPIO/P/UP/035-27.jpg,P,0,1,0.7943214774131775,name 'cantidad' is not defined
7135-64.jpg,/workspace/SDNET2018_LIMPIO/W/CW/7135-64.jpg,W,1,1,0.9995617270469666,name 'cantidad' is not defined
7079-230.jpg,/workspace/SDNET2018_LIMPIO/W/UW/7079-230.jpg,W,0,1,0.5033572912216187,name 'cantidad' is not defined
7124-27.jpg,/workspace/SDNET2018_LIMPIO/W/UW/7124-27.jpg,W,0,1,0.7307786345481873,name 'cantidad' is not defined
7095-100.jpg,/workspace/SDNET2018_LIMPIO/W/CW/7095-100.jpg,W,1,1,0.9969242215156555,name 'cantidad' is not defined
7099-136.jpg,/workspace/SDNET2018_LIMPIO/W/CW/7099-136.jpg,W,1,1,0.999996542930603,name 'cantidad' is not defined
7007-184.jpg,/workspace/SDNET2018_LIMPIO/D/CD/7007-184.jpg,D,1,1,0.9999302625656128,name 'cantidad' is not defined
7074-105.jpg,/workspace/SDNET2018_LIMPIO/W/CW/7074-105.jpg,W,1,1,0.732397735118866,name 'cantidad' is not defined
053-27.jpg,/workspace/SDNET2018_LIMPIO/P/UP/053-27.jpg,P,0,1,0.9796816110610962,name 'cantidad' is not defined
7032-166.jpg,/workspace/SDNET2018_LIMPIO/D/UD/7032-166.jpg,D,0,1,0.5005941987037659,name 'cantidad' is not defined
066-86.jpg,/workspace/SDNET2018_LIMPIO/P/CP/066-86.jpg,P,1,1,0.9986245632171631,name 'cantidad' is not defined
7120-171.jpg,/workspace/SDNET2018_LIMPIO/W/CW/7120-171.jpg,W,1,1,0.9984460473060608,name 'cantidad' is not defined
7051-244.jpg,/workspace/SDNET2018_LIMPIO/D/UD/7051-244.jpg,D,0,1,0.6165862679481506,name 'cantidad' is not defined
019-136.jpg,/workspace/SDNET2018_LIMPIO/P/CP/019-136.jpg,P,1,1,0.9852696061134338,name 'cantidad' is not defined
7012-147.jpg,/workspace/SDNET2018_LIMPIO/D/CD/7012-147.jpg,D,1,1,0.9945236444473267,name 'cantidad' is not defined
088-122.jpg,/workspace/SDNET2018_LIMPIO/P/UP/088-122.jpg,P,0,1,0.5226840376853943,name 'cantidad' is not defined
7110-43.jpg,/workspace/SDNET2018_LIMPIO/W/CW/7110-43.jpg,W,1,1,1.0,name 'cantidad' is not defined
036-10.jpg,/workspace/SDNET2018_LIMPIO/P/UP/036-10.jpg,P,0,1,0.6176593899726868,name 'cantidad' is not defined
084-40.jpg,/workspace/SDNET2018_LIMPIO/P/UP/084-40.jpg,P,0,1,0.7866324782371521,name 'cantidad' is not defined
004-145.jpg,/workspace/SDNET2018_LIMPIO/P/CP/004-145.jpg,P,1,1,0.9834173321723938,name 'cantidad' is not defined
7131-233.jpg,/workspace/SDNET2018_LIMPIO/W/CW/7131-233.jpg,W,1,1,1.0,name 'cantidad' is not defined
7074-70.jpg,/workspace/SDNET2018_LIMPIO/W/UW/7074-70.jpg,W,0,1,0.5104598999023438,name 'cantidad' is not defined
087-134.jpg,/workspace/SDNET2018_LIMPIO/P/CP/087-134.jpg,P,1,1,0.999805748462677,name 'cantidad' is not defined
7016-189.jpg,/workspace/SDNET2018_LIMPIO/D/CD/7016-189.jpg,D,1,1,0.9999973773956299,name 'cantidad' is not defined
083-90.jpg,/workspace/SDNET2018_LIMPIO/P/UP/083-90.jpg,P,0,1,0.6594266891479492,name 'cantidad' is not defined
7083-46.jpg,/workspace/SDNET2018_LIMPIO/W/CW/7083-46.jpg,W,1,1,0.996322751045227,name 'cantidad' is not defined
7084-91.jpg,/workspace/SDNET2018_LIMPIO/W/UW/7084-91.jpg,W,0,1,0.6508722305297852,name 'cantidad' is not defined
050-180.jpg,/workspace/SDNET2018_LIMPIO/P/UP/050-180.jpg,P,0,1,0.6051167845726013,name 'cantidad' is not defined
7112-186.jpg,/workspace/SDNET2018_LIMPIO/W/CW/7112-186.jpg,W,1,1,0.945815920829773,name 'cantidad' is not defined
7123-193.jpg,/workspace/SDNET2018_LIMPIO/W/CW/7123-193.jpg,W,1,1,0.5105932950973511,name 'cantidad' is not defined
092-147.jpg,/workspace/SDNET2018_LIMPIO/P/UP/092-147.jpg,P,0,1,0.513577938079834,name 'cantidad' is not defined
7084-87.jpg,/workspace/SDNET2018_LIMPIO/W/UW/7084-87.jpg,W,0,1,0.8343547582626343,name 'cantidad' is not defined
7069-141.jpg,/workspace/SDNET2018_LIMPIO/W/UW/7069-141.jpg,W,0,1,0.7360094785690308,name 'cantidad' is not defined
7120-11.jpg,/workspace/SDNET2018_LIMPIO/W/UW/7120-11.jpg,W,0,1,0.5147925615310669,name 'cantidad' is not defined
067-59.jpg,/workspace/SDNET2018_LIMPIO/P/UP/067-59.jpg,P,0,1,0.671718418598175,name 'cantidad' is not defined
7115-173.jpg,/workspace/SDNET2018_LIMPIO/W/CW/7115-173.jpg,W,1,1,0.9971966743469238,name 'cantidad' is not defined
7131-196.jpg,/workspace/SDNET2018_LIMPIO/W/CW/7131-196.jpg,W,1,1,0.9997870326042175,name 'cantidad' is not defined
7086-62.jpg,/workspace/SDNET2018_LIMPIO/W/CW/7086-62.jpg,W,1,1,0.9566109776496887,name 'cantidad' is not defined
085-121.jpg,/workspace/SDNET2018_LIMPIO/P/CP/085-121.jpg,P,1,1,0.9697189331054688,name 'cantidad' is not defined
7079-238.jpg,/workspace/SDNET2018_LIMPIO/W/UW/7079-238.jpg,W,0,1,0.9059826731681824,name 'cantidad' is not defined
053-153.jpg,/workspace/SDNET2018_LIMPIO/P/CP/053-153.jpg,P,1,1,0.9313079118728638,name 'cantidad' is not defined
104-117.jpg,/workspace/SDNET2018_LIMPIO/P/UP/104-117.jpg,P,0,1,0.6798689365386963,name 'cantidad' is not defined
7026-160.jpg,/workspace/SDNET2018_LIMPIO/D/CD/7026-160.jpg,D,1,1,0.5926098227500916,name 'cantidad' is not defined
7073-21.jpg,/workspace/SDNET2018_LIMPIO/W/UW/7073-21.jpg,W,0,1,0.5564148426055908,name 'cantidad' is not defined
7080-137.jpg,/workspace/SDNET2018_LIMPIO/W/UW/7080-137.jpg,W,0,1,0.5933164358139038,name 'cantidad' is not defined
7026-199.jpg,/workspace/SDNET2018_LIMPIO/D/UD/7026-199.jpg,D,0,1,0.5175827145576477,name 'cantidad' is not defined
7069-81.jpg,/workspace/SDNET2018_LIMPIO/W/UW/7069-81.jpg,W,0,1,0.6153767108917236,name 'cantidad' is not defined
7118-96.jpg,/workspace/SDNET2018_LIMPIO/W/CW/7118-96.jpg,W,1,1,0.9863262176513672,name 'cantidad' is not defined
7121-103.jpg,/workspace/SDNET2018_LIMPIO/W/UW/7121-103.jpg,W,0,1,0.5681620240211487,name 'cantidad' is not defined
7074-118.jpg,/workspace/SDNET2018_LIMPIO/W/CW/7074-118.jpg,W,1,1,0.9925232529640198,name 'cantidad' is not defined
7087-245.jpg,/workspace/SDNET2018_LIMPIO/W/CW/7087-245.jpg,W,1,1,0.8954637050628662,name 'cantidad' is not defined
7080-107.jpg,/workspace/SDNET2018_LIMPIO/W/UW/7080-107.jpg,W,0,1,0.5533052682876587,name 'cantidad' is not defined
092-29.jpg,/workspace/SDNET2018_LIMPIO/P/UP/092-29.jpg,P,0,1,0.755866527557373,name 'cantidad' is not defined
7046-99.jpg,/workspace/SDNET2018_LIMPIO/D/UD/7046-99.jpg,D,0,1,0.7519654631614685,name 'cantidad' is not defined
7010-174.jpg,/workspace/SDNET2018_LIMPIO/D/CD/7010-174.jpg,D,1,1,0.9999998807907104,name 'cantidad' is not defined
042-30.jpg,/workspace/SDNET2018_LIMPIO/P/UP/042-30.jpg,P,0,1,0.5428606867790222,name 'cantidad' is not defined
064-38.jpg,/workspace/SDNET2018_LIMPIO/P/UP/064-38.jpg,P,0,1,0.5384226441383362,name 'cantidad' is not defined
7122-182.jpg,/workspace/SDNET2018_LIMPIO/W/CW/7122-182.jpg,W,1,1,0.9129011034965515,name 'cantidad' is not defined
7051-130.jpg,/workspace/SDNET2018_LIMPIO/D/UD/7051-130.jpg,D,0,1,0.522692859172821,name 'cantidad' is not defined
7035-78.jpg,/workspace/SDNET2018_LIMPIO/D/CD/7035-78.jpg,D,1,1,0.9774306416511536,name 'cantidad' is not defined
7083-106.jpg,/workspace/SDNET2018_LIMPIO/W/CW/7083-106.jpg,W,1,1,0.999913215637207,name 'cantidad' is not defined
7112-130.jpg,/workspace/SDNET2018_LIMPIO/W/UW/7112-130.jpg,W,0,1,0.6080356240272522,name 'cantidad' is not defined
7088-9.jpg,/workspace/SDNET2018_LIMPIO/W/CW/7088-9.jpg,W,1,1,0.9921597838401794,name 'cantidad' is not defined
031-30.jpg,/workspace/SDNET2018_LIMPIO/P/UP/031-30.jpg,P,0,1,0.9517949819564819,name 'cantidad' is not defined
7019-199.jpg,/workspace/SDNET2018_LIMPIO/D/UD/7019-199.jpg,D,0,1,0.533839225769043,name 'cantidad' is not defined
045-133.jpg,/workspace/SDNET2018_LIMPIO/P/UP/045-133.jpg,P,0,1,0.7713899612426758,name 'cantidad' is not defined
7092-153.jpg,/workspace/SDNET2018_LIMPIO/W/CW/7092-153.jpg,W,1,1,0.9998996257781982,name 'cantidad' is not defined
7133-160.jpg,/workspace/SDNET2018_LIMPIO/W/UW/7133-160.jpg,W,0,1,0.6562747955322266,name 'cantidad' is not defined
101-129.jpg,/workspace/SDNET2018_LIMPIO/P/UP/101-129.jpg,P,0,1,0.5512319207191467,name 'cantidad' is not defined
092-233.jpg,/workspace/SDNET2018_LIMPIO/P/UP/092-233.jpg,P,0,1,0.6183109283447266,name 'cantidad' is not defined
071-57.jpg,/workspace/SDNET2018_LIMPIO/P/CP/071-57.jpg,P,1,1,0.6292710900306702,name 'cantidad' is not defined
7054-134.jpg,/workspace/SDNET2018_LIMPIO/D/CD/7054-134.jpg,D,1,1,0.6369675397872925,name 'cantidad' is not defined
027-22_2.jpg,/workspace/SDNET2018_LIMPIO/P/CP/027-22_2.jpg,P,1,1,0.7105556726455688,name 'cantidad' is not defined
7125-122.jpg,/workspace/SDNET2018_LIMPIO/W/UW/7125-122.jpg,W,0,1,0.6103780269622803,name 'cantidad' is not defined
061-125.jpg,/workspace/SDNET2018_LIMPIO/P/CP/061-125.jpg,P,1,1,0.9440650343894958,name 'cantidad' is not defined
7138-135.jpg,/workspace/SDNET2018_LIMPIO/W/UW/7138-135.jpg,W,0,1,0.5285519361495972,name 'cantidad' is not defined
006-169.jpg,/workspace/SDNET2018_LIMPIO/P/CP/006-169.jpg,P,1,1,0.992021918296814,name 'cantidad' is not defined
7103-224.jpg,/workspace/SDNET2018_LIMPIO/W/UW/7103-224.jpg,W,0,1,0.7414329648017883,name 'cantidad' is not defined
7133-87.jpg,/workspace/SDNET2018_LIMPIO/W/UW/7133-87.jpg,W,0,1,0.547016441822052,name 'cantidad' is not defined
7087-90.jpg,/workspace/SDNET2018_LIMPIO/W/UW/7087-90.jpg,W,0,1,0.7508832216262817,name 'cantidad' is not defined
037-129.jpg,/workspace/SDNET2018_LIMPIO/P/UP/037-129.jpg,P,0,1,0.7346137762069702,name 'cantidad' is not defined
078-109.jpg,/workspace/SDNET2018_LIMPIO/P/CP/078-109.jpg,P,1,1,0.9999971389770508,name 'cantidad' is not defined
7050-123.jpg,/workspace/SDNET2018_LIMPIO/D/UD/7050-123.jpg,D,0,1,0.5682779550552368,name 'cantidad' is not defined
7140-112.jpg,/workspace/SDNET2018_LIMPIO/W/UW/7140-112.jpg,W,0,1,0.7413432598114014,name 'cantidad' is not defined
7123-223.jpg,/workspace/SDNET2018_LIMPIO/W/UW/7123-223.jpg,W,0,1,0.5018932223320007,name 'cantidad' is not defined
7088-20.jpg,/workspace/SDNET2018_LIMPIO/W/UW/7088-20.jpg,W,0,1,0.5881889462471008,name 'cantidad' is not defined
036-168.jpg,/workspace/SDNET2018_LIMPIO/P/UP/036-168.jpg,P,0,1,0.7366830110549927,name 'cantidad' is not defined
075-81.jpg,/workspace/SDNET2018_LIMPIO/P/CP/075-81.jpg,P,1,1,0.949251115322113,name 'cantidad' is not defined
7102-154.jpg,/workspace/SDNET2018_LIMPIO/W/CW/7102-154.jpg,W,1,1,0.5627433657646179,name 'cantidad' is not defined
095-129.jpg,/workspace/SDNET2018_LIMPIO/P/UP/095-129.jpg,P,0,1,0.9869695901870728,name 'cantidad' is not defined
7087-14.jpg,/workspace/SDNET2018_LIMPIO/W/CW/7087-14.jpg,W,1,1,0.9999790191650391,name 'cantidad' is not defined
7024-166.jpg,/workspace/SDNET2018_LIMPIO/D/UD/7024-166.jpg,D,0,1,0.9347189664840698,name 'cantidad' is not defined
101-29.jpg,/workspace/SDNET2018_LIMPIO/P/UP/101-29.jpg,P,0,1,0.9163143038749695,name 'cantidad' is not defined
7139-195.jpg,/workspace/SDNET2018_LIMPIO/W/UW/7139-195.jpg,W,0,1,0.5320214629173279,name 'cantidad' is not defined
025-57.jpg,/workspace/SDNET2018_LIMPIO/P/UP/025-57.jpg,P,0,1,0.9387959837913513,name 'cantidad' is not defined
024-154.jpg,/workspace/SDNET2018_LIMPIO/P/UP/024-154.jpg,P,0,1,0.8630087375640869,name 'cantidad' is not defined
044-158.jpg,/workspace/SDNET2018_LIMPIO/P/UP/044-158.jpg,P,0,1,0.799857497215271,name 'cantidad' is not defined
7082-132.jpg,/workspace/SDNET2018_LIMPIO/W/UW/7082-132.jpg,W,0,1,0.7892593145370483,name 'cantidad' is not defined
7076-132.jpg,/workspace/SDNET2018_LIMPIO/W/UW/7076-132.jpg,W,0,1,0.5844552516937256,name 'cantidad' is not defined
063-131.jpg,/workspace/SDNET2018_LIMPIO/P/CP/063-131.jpg,P,1,1,0.9994192123413086,name 'cantidad' is not defined
7024-141.jpg,/workspace/SDNET2018_LIMPIO/D/CD/7024-141.jpg,D,1,1,0.514280378818512,name 'cantidad' is not defined
029-207.jpg,/workspace/SDNET2018_LIMPIO/P/CP/029-207.jpg,P,1,1,0.6232383847236633,name 'cantidad' is not defined
7091-3.jpg,/workspace/SDNET2018_LIMPIO/W/UW/7091-3.jpg,W,0,1,0.5387935638427734,name 'cantidad' is not defined
007-171.jpg,/workspace/SDNET2018_LIMPIO/P/UP/007-171.jpg,P,0,1,0.5865626931190491,name 'cantidad' is not defined
101-123.jpg,/workspace/SDNET2018_LIMPIO/P/CP/101-123.jpg,P,1,1,0.9977105855941772,name 'cantidad' is not defined
101-104.jpg,/workspace/SDNET2018_LIMPIO/P/UP/101-104.jpg,P,0,1,0.6960676908493042,name 'cantidad' is not defined
7124-84.jpg,/workspace/SDNET2018_LIMPIO/W/UW/7124-84.jpg,W,0,1,0.6624404788017273,name 'cantidad' is not defined
083-119.jpg,/workspace/SDNET2018_LIMPIO/P/CP/083-119.jpg,P,1,1,0.9651136994361877,name 'cantidad' is not defined
7098-45.jpg,/workspace/SDNET2018_LIMPIO/W/CW/7098-45.jpg,W,1,1,0.9973479509353638,name 'cantidad' is not defined
7113-139.jpg,/workspace/SDNET2018_LIMPIO/W/CW/7113-139.jpg,W,1,1,0.6504960060119629,name 'cantidad' is not defined
7047-226.jpg,/workspace/SDNET2018_LIMPIO/D/CD/7047-226.jpg,D,1,1,0.9999622106552124,name 'cantidad' is not defined
062-107.jpg,/workspace/SDNET2018_LIMPIO/P/CP/062-107.jpg,P,1,1,0.9999523162841797,name 'cantidad' is not defined
7028-196.jpg,/workspace/SDNET2018_LIMPIO/D/CD/7028-196.jpg,D,1,1,0.9999575614929199,name 'cantidad' is not defined
091-63.jpg,/workspace/SDNET2018_LIMPIO/P/CP/091-63.jpg,P,1,1,0.7142118215560913,name 'cantidad' is not defined
7005-48.jpg,/workspace/SDNET2018_LIMPIO/D/UD/7005-48.jpg,D,0,1,0.52298504114151,name 'cantidad' is not defined
092-104.jpg,/workspace/SDNET2018_LIMPIO/P/CP/092-104.jpg,P,1,1,0.8120418190956116,name 'cantidad' is not defined
7084-50.jpg,/workspace/SDNET2018_LIMPIO/W/CW/7084-50.jpg,W,1,1,0.8669788241386414,name 'cantidad' is not defined
7084-108.jpg,/workspace/SDNET2018_LIMPIO/W/CW/7084-108.jpg,W,1,1,0.7103490233421326,name 'cantidad' is not defined
7074-94.jpg,/workspace/SDNET2018_LIMPIO/W/CW/7074-94.jpg,W,1,1,0.9999368190765381,name 'cantidad' is not defined
7123-190.jpg,/workspace/SDNET2018_LIMPIO/W/CW/7123-190.jpg,W,1,1,0.5378805994987488,name 'cantidad' is not defined
7016-52.jpg,/workspace/SDNET2018_LIMPIO/D/UD/7016-52.jpg,D,0,1,0.9999628067016602,name 'cantidad' is not defined
7122-119.jpg,/workspace/SDNET2018_LIMPIO/W/UW/7122-119.jpg,W,0,1,0.5399364233016968,name 'cantidad' is not defined
7113-169.jpg,/workspace/SDNET2018_LIMPIO/W/CW/7113-169.jpg,W,1,1,0.7549381256103516,name 'cantidad' is not defined
7050-146.jpg,/workspace/SDNET2018_LIMPIO/D/UD/7050-146.jpg,D,0,1,0.5772672295570374,name 'cantidad' is not defined
068-115.jpg,/workspace/SDNET2018_LIMPIO/P/CP/068-115.jpg,P,1,1,0.999924898147583,name 'cantidad' is not defined
7103-102.jpg,/workspace/SDNET2018_LIMPIO/W/UW/7103-102.jpg,W,0,1,0.5175468325614929,name 'cantidad' is not defined
7007-213.jpg,/workspace/SDNET2018_LIMPIO/D/UD/7007-213.jpg,D,0,1,0.501753568649292,name 'cantidad' is not defined
029-98.jpg,/workspace/SDNET2018_LIMPIO/P/CP/029-98.jpg,P,1,1,0.8311000466346741,name 'cantidad' is not defined
7115-171.jpg,/workspace/SDNET2018_LIMPIO/W/CW/7115-171.jpg,W,1,1,0.7598419189453125,name 'cantidad' is not defined
7102-211.jpg,/workspace/SDNET2018_LIMPIO/W/CW/7102-211.jpg,W,1,1,0.9539499878883362,name 'cantidad' is not defined
7091-152.jpg,/workspace/SDNET2018_LIMPIO/W/UW/7091-152.jpg,W,0,1,0.7732212543487549,name 'cantidad' is not defined
7012-2.jpg,/workspace/SDNET2018_LIMPIO/D/CD/7012-2.jpg,D,1,1,0.9303776621818542,name 'cantidad' is not defined
7097-106.jpg,/workspace/SDNET2018_LIMPIO/W/UW/7097-106.jpg,W,0,1,0.6119330525398254,name 'cantidad' is not defined
7135-46.jpg,/workspace/SDNET2018_LIMPIO/W/CW/7135-46.jpg,W,1,1,0.9995996356010437,name 'cantidad' is not defined
7007-229.jpg,/workspace/SDNET2018_LIMPIO/D/UD/7007-229.jpg,D,0,1,0.7058492302894592,name 'cantidad' is not defined
7069-221.jpg,/workspace/SDNET2018_LIMPIO/W/CW/7069-221.jpg,W,1,1,0.8304837942123413,name 'cantidad' is not defined
7069-106.jpg,/workspace/SDNET2018_LIMPIO/W/UW/7069-106.jpg,W,0,1,0.6800706386566162,name 'cantidad' is not defined
7048-211.jpg,/workspace/SDNET2018_LIMPIO/D/CD/7048-211.jpg,D,1,1,0.9999788999557495,name 'cantidad' is not defined
098-202.jpg,/workspace/SDNET2018_LIMPIO/P/UP/098-202.jpg,P,0,1,0.5678192377090454,name 'cantidad' is not defined
7085-66.jpg,/workspace/SDNET2018_LIMPIO/W/CW/7085-66.jpg,W,1,1,0.9572965502738953,name 'cantidad' is not defined
7041-191.jpg,/workspace/SDNET2018_LIMPIO/D/CD/7041-191.jpg,D,1,1,0.9999996423721313,name 'cantidad' is not defined
019-126.jpg,/workspace/SDNET2018_LIMPIO/P/CP/019-126.jpg,P,1,1,0.8924849629402161,name 'cantidad' is not defined
7030-203.jpg,/workspace/SDNET2018_LIMPIO/D/CD/7030-203.jpg,D,1,1,0.9248496294021606,name 'cantidad' is not defined
7004-161.jpg,/workspace/SDNET2018_LIMPIO/D/CD/7004-161.jpg,D,1,1,0.9666426181793213,name 'cantidad' is not defined
084-111.jpg,/workspace/SDNET2018_LIMPIO/P/UP/084-111.jpg,P,0,1,0.6588862538337708,name 'cantidad' is not defined
7094-154.jpg,/workspace/SDNET2018_LIMPIO/W/CW/7094-154.jpg,W,1,1,0.956986665725708,name 'cantidad' is not defined
7040-27.jpg,/workspace/SDNET2018_LIMPIO/D/UD/7040-27.jpg,D,0,1,0.8109186291694641,name 'cantidad' is not defined
7086-33.jpg,/workspace/SDNET2018_LIMPIO/W/CW/7086-33.jpg,W,1,1,0.9999970197677612,name 'cantidad' is not defined
022-139.jpg,/workspace/SDNET2018_LIMPIO/P/CP/022-139.jpg,P,1,1,0.9189204573631287,name 'cantidad' is not defined
7083-92.jpg,/workspace/SDNET2018_LIMPIO/W/UW/7083-92.jpg,W,0,1,0.8061959147453308,name 'cantidad' is not defined
7083-233.jpg,/workspace/SDNET2018_LIMPIO/W/CW/7083-233.jpg,W,1,1,0.7348129153251648,name 'cantidad' is not defined
7072-196.jpg,/workspace/SDNET2018_LIMPIO/W/CW/7072-196.jpg,W,1,1,0.6907453536987305,name 'cantidad' is not defined
7103-111.jpg,/workspace/SDNET2018_LIMPIO/W/CW/7103-111.jpg,W,1,1,0.9999856948852539,name 'cantidad' is not defined
042-136.jpg,/workspace/SDNET2018_LIMPIO/P/CP/042-136.jpg,P,1,1,0.9986347556114197,name 'cantidad' is not defined
7047-218.jpg,/workspace/SDNET2018_LIMPIO/D/UD/7047-218.jpg,D,0,1,0.63271564245224,name 'cantidad' is not defined
7082-130.jpg,/workspace/SDNET2018_LIMPIO/W/CW/7082-130.jpg,W,1,1,0.5988625288009644,name 'cantidad' is not defined
7069-176.jpg,/workspace/SDNET2018_LIMPIO/W/UW/7069-176.jpg,W,0,1,0.785896360874176,name 'cantidad' is not defined
7104-107.jpg,/workspace/SDNET2018_LIMPIO/W/UW/7104-107.jpg,W,0,1,0.5398513674736023,name 'cantidad' is not defined
7079-178.jpg,/workspace/SDNET2018_LIMPIO/W/UW/7079-178.jpg,W,0,1,0.5895178318023682,name 'cantidad' is not defined
7084-115.jpg,/workspace/SDNET2018_LIMPIO/W/CW/7084-115.jpg,W,1,1,1.0,name 'cantidad' is not defined
043-144.jpg,/workspace/SDNET2018_LIMPIO/P/CP/043-144.jpg,P,1,1,0.6466485857963562,name 'cantidad' is not defined
002-164.jpg,/workspace/SDNET2018_LIMPIO/P/UP/002-164.jpg,P,0,1,0.8785779476165771,name 'cantidad' is not defined
067-104.jpg,/workspace/SDNET2018_LIMPIO/P/UP/067-104.jpg,P,0,1,0.5170698165893555,name 'cantidad' is not defined
7092-89.jpg,/workspace/SDNET2018_LIMPIO/W/CW/7092-89.jpg,W,1,1,0.5310341119766235,name 'cantidad' is not defined
7080-94.jpg,/workspace/SDNET2018_LIMPIO/W/UW/7080-94.jpg,W,0,1,0.8621596097946167,name 'cantidad' is not defined
019-151.jpg,/workspace/SDNET2018_LIMPIO/P/UP/019-151.jpg,P,0,1,0.6756272315979004,name 'cantidad' is not defined
7126-119.jpg,/workspace/SDNET2018_LIMPIO/W/UW/7126-119.jpg,W,0,1,0.9837745428085327,name 'cantidad' is not defined
7010-77.jpg,/workspace/SDNET2018_LIMPIO/D/UD/7010-77.jpg,D,0,1,0.5213433504104614,name 'cantidad' is not defined
7080-116.jpg,/workspace/SDNET2018_LIMPIO/W/UW/7080-116.jpg,W,0,1,0.8142108917236328,name 'cantidad' is not defined
058-7.jpg,/workspace/SDNET2018_LIMPIO/P/UP/058-7.jpg,P,0,1,0.6224095225334167,name 'cantidad' is not defined
7083-85.jpg,/workspace/SDNET2018_LIMPIO/W/CW/7083-85.jpg,W,1,1,0.7715362906455994,name 'cantidad' is not defined
7114-8.jpg,/workspace/SDNET2018_LIMPIO/W/CW/7114-8.jpg,W,1,1,0.917381227016449,name 'cantidad' is not defined
050-105.jpg,/workspace/SDNET2018_LIMPIO/P/CP/050-105.jpg,P,1,1,0.9981022477149963,name 'cantidad' is not defined
093-77.jpg,/workspace/SDNET2018_LIMPIO/P/UP/093-77.jpg,P,0,1,0.7089074850082397,name 'cantidad' is not defined
7093-231.jpg,/workspace/SDNET2018_LIMPIO/W/CW/7093-231.jpg,W,1,1,0.6607803702354431,name 'cantidad' is not defined
7078-131.jpg,/workspace/SDNET2018_LIMPIO/W/CW/7078-131.jpg,W,1,1,0.9911447167396545,name 'cantidad' is not defined
020-187.jpg,/workspace/SDNET2018_LIMPIO/P/CP/020-187.jpg,P,1,1,0.6574506163597107,name 'cantidad' is not defined
083-94.jpg,/workspace/SDNET2018_LIMPIO/P/CP/083-94.jpg,P,1,1,0.9733828902244568,name 'cantidad' is not defined
018-101.jpg,/workspace/SDNET2018_LIMPIO/P/CP/018-101.jpg,P,1,1,0.9975149631500244,name 'cantidad' is not defined
7098-28.jpg,/workspace/SDNET2018_LIMPIO/W/UW/7098-28.jpg,W,0,1,0.8511236310005188,name 'cantidad' is not defined
7091-66.jpg,/workspace/SDNET2018_LIMPIO/W/UW/7091-66.jpg,W,0,1,0.5630631446838379,name 'cantidad' is not defined
7011-97.jpg,/workspace/SDNET2018_LIMPIO/D/CD/7011-97.jpg,D,1,1,0.88499516248703,name 'cantidad' is not defined
072-126.jpg,/workspace/SDNET2018_LIMPIO/P/CP/072-126.jpg,P,1,1,0.9416325688362122,name 'cantidad' is not defined
7110-80.jpg,/workspace/SDNET2018_LIMPIO/W/CW/7110-80.jpg,W,1,1,0.9999501705169678,name 'cantidad' is not defined
7026-224.jpg,/workspace/SDNET2018_LIMPIO/D/CD/7026-224.jpg,D,1,1,0.9236441254615784,name 'cantidad' is not defined
014-142.jpg,/workspace/SDNET2018_LIMPIO/P/CP/014-142.jpg,P,1,1,0.6668269038200378,name 'cantidad' is not defined
7085-5.jpg,/workspace/SDNET2018_LIMPIO/W/CW/7085-5.jpg,W,1,1,0.5066908001899719,name 'cantidad' is not defined
036-47.jpg,/workspace/SDNET2018_LIMPIO/P/UP/036-47.jpg,P,0,1,0.7668194770812988,name 'cantidad' is not defined
7084-66.jpg,/workspace/SDNET2018_LIMPIO/W/CW/7084-66.jpg,W,1,1,0.9766504764556885,name 'cantidad' is not defined
7127-115.jpg,/workspace/SDNET2018_LIMPIO/W/CW/7127-115.jpg,W,1,1,0.6680996417999268,name 'cantidad' is not defined
7102-153.jpg,/workspace/SDNET2018_LIMPIO/W/CW/7102-153.jpg,W,1,1,0.999776303768158,name 'cantidad' is not defined
7132-207.jpg,/workspace/SDNET2018_LIMPIO/W/CW/7132-207.jpg,W,1,1,0.6812301278114319,name 'cantidad' is not defined
064-170.jpg,/workspace/SDNET2018_LIMPIO/P/UP/064-170.jpg,P,0,1,0.5691174268722534,name 'cantidad' is not defined
100-61.jpg,/workspace/SDNET2018_LIMPIO/P/UP/100-61.jpg,P,0,1,0.650800347328186,name 'cantidad' is not defined
7090-56.jpg,/workspace/SDNET2018_LIMPIO/W/CW/7090-56.jpg,W,1,1,0.8337835669517517,name 'cantidad' is not defined
7080-117.jpg,/workspace/SDNET2018_LIMPIO/W/UW/7080-117.jpg,W,0,1,0.851751446723938,name 'cantidad' is not defined
030-170.jpg,/workspace/SDNET2018_LIMPIO/P/UP/030-170.jpg,P,0,1,0.999148964881897,name 'cantidad' is not defined
7073-96.jpg,/workspace/SDNET2018_LIMPIO/W/UW/7073-96.jpg,W,0,1,0.5019440650939941,name 'cantidad' is not defined
7122-186.jpg,/workspace/SDNET2018_LIMPIO/W/CW/7122-186.jpg,W,1,1,0.9897538423538208,name 'cantidad' is not defined
7081-33.jpg,/workspace/SDNET2018_LIMPIO/W/CW/7081-33.jpg,W,1,1,0.9162160754203796,name 'cantidad' is not defined
7092-145.jpg,/workspace/SDNET2018_LIMPIO/W/CW/7092-145.jpg,W,1,1,0.7568423748016357,name 'cantidad' is not defined
7022-185.jpg,/workspace/SDNET2018_LIMPIO/D/CD/7022-185.jpg,D,1,1,0.9999966621398926,name 'cantidad' is not defined
7012-55.jpg,/workspace/SDNET2018_LIMPIO/D/CD/7012-55.jpg,D,1,1,0.9990034699440002,name 'cantidad' is not defined
7092-97.jpg,/workspace/SDNET2018_LIMPIO/W/UW/7092-97.jpg,W,0,1,0.7122134566307068,name 'cantidad' is not defined
7025-228.jpg,/workspace/SDNET2018_LIMPIO/D/UD/7025-228.jpg,D,0,1,0.6914070248603821,name 'cantidad' is not defined
7120-80.jpg,/workspace/SDNET2018_LIMPIO/W/UW/7120-80.jpg,W,0,1,0.5321518778800964,name 'cantidad' is not defined
069-110.jpg,/workspace/SDNET2018_LIMPIO/P/UP/069-110.jpg,P,0,1,0.9521991610527039,name 'cantidad' is not defined
7047-135.jpg,/workspace/SDNET2018_LIMPIO/D/UD/7047-135.jpg,D,0,1,0.5626952648162842,name 'cantidad' is not defined
7115-156.jpg,/workspace/SDNET2018_LIMPIO/W/CW/7115-156.jpg,W,1,1,0.9577481746673584,name 'cantidad' is not defined
7127-131.jpg,/workspace/SDNET2018_LIMPIO/W/CW/7127-131.jpg,W,1,1,0.9772258400917053,name 'cantidad' is not defined
7102-88.jpg,/workspace/SDNET2018_LIMPIO/W/UW/7102-88.jpg,W,0,1,0.5190256237983704,name 'cantidad' is not defined
7044-126.jpg,/workspace/SDNET2018_LIMPIO/D/UD/7044-126.jpg,D,0,1,0.7249504923820496,name 'cantidad' is not defined
036-151.jpg,/workspace/SDNET2018_LIMPIO/P/UP/036-151.jpg,P,0,1,0.9891195297241211,name 'cantidad' is not defined
7101-52.jpg,/workspace/SDNET2018_LIMPIO/W/UW/7101-52.jpg,W,0,1,0.6777030825614929,name 'cantidad' is not defined
057-109.jpg,/workspace/SDNET2018_LIMPIO/P/UP/057-109.jpg,P,0,1,0.7359957098960876,name 'cantidad' is not defined
7133-97.jpg,/workspace/SDNET2018_LIMPIO/W/UW/7133-97.jpg,W,0,1,0.606361985206604,name 'cantidad' is not defined
093-48.jpg,/workspace/SDNET2018_LIMPIO/P/UP/093-48.jpg,P,0,1,0.9972163438796997,name 'cantidad' is not defined
087-209.jpg,/workspace/SDNET2018_LIMPIO/P/UP/087-209.jpg,P,0,1,0.5287460684776306,name 'cantidad' is not defined
7140-40.jpg,/workspace/SDNET2018_LIMPIO/W/UW/7140-40.jpg,W,0,1,0.6494950652122498,name 'cantidad' is not defined
7120-173.jpg,/workspace/SDNET2018_LIMPIO/W/CW/7120-173.jpg,W,1,1,0.6542603373527527,name 'cantidad' is not defined
101-41.jpg,/workspace/SDNET2018_LIMPIO/P/UP/101-41.jpg,P,0,1,0.6109743118286133,name 'cantidad' is not defined
7119-108.jpg,/workspace/SDNET2018_LIMPIO/W/CW/7119-108.jpg,W,1,1,0.9998788833618164,name 'cantidad' is not defined
7022-76.jpg,/workspace/SDNET2018_LIMPIO/D/UD/7022-76.jpg,D,0,1,0.7330604791641235,name 'cantidad' is not defined
7050-94.jpg,/workspace/SDNET2018_LIMPIO/D/UD/7050-94.jpg,D,0,1,0.5557271242141724,name 'cantidad' is not defined
7080-106.jpg,/workspace/SDNET2018_LIMPIO/W/UW/7080-106.jpg,W,0,1,0.6480072736740112,name 'cantidad' is not defined
7091-21.jpg,/workspace/SDNET2018_LIMPIO/W/UW/7091-21.jpg,W,0,1,0.5944245457649231,name 'cantidad' is not defined
7078-28.jpg,/workspace/SDNET2018_LIMPIO/W/CW/7078-28.jpg,W,1,1,0.9014266729354858,name 'cantidad' is not defined
012-26.jpg,/workspace/SDNET2018_LIMPIO/P/UP/012-26.jpg,P,0,1,0.7696371674537659,name 'cantidad' is not defined
7069-129.jpg,/workspace/SDNET2018_LIMPIO/W/UW/7069-129.jpg,W,0,1,0.6231858134269714,name 'cantidad' is not defined
042-80.jpg,/workspace/SDNET2018_LIMPIO/P/CP/042-80.jpg,P,1,1,0.5507190227508545,name 'cantidad' is not defined
7109-126.jpg,/workspace/SDNET2018_LIMPIO/W/UW/7109-126.jpg,W,0,1,0.9050883054733276,name 'cantidad' is not defined
7137-66.jpg,/workspace/SDNET2018_LIMPIO/W/CW/7137-66.jpg,W,1,1,0.999927282333374,name 'cantidad' is not defined
7092-202.jpg,/workspace/SDNET2018_LIMPIO/W/CW/7092-202.jpg,W,1,1,0.9701031446456909,name 'cantidad' is not defined
060-97.jpg,/workspace/SDNET2018_LIMPIO/P/UP/060-97.jpg,P,0,1,0.9863341450691223,name 'cantidad' is not defined
009-85.jpg,/workspace/SDNET2018_LIMPIO/P/CP/009-85.jpg,P,1,1,0.5855506658554077,name 'cantidad' is not defined
7136-135.jpg,/workspace/SDNET2018_LIMPIO/W/CW/7136-135.jpg,W,1,1,0.9849105477333069,name 'cantidad' is not defined
7080-33.jpg,/workspace/SDNET2018_LIMPIO/W/UW/7080-33.jpg,W,0,1,0.6184921860694885,name 'cantidad' is not defined
095-185.jpg,/workspace/SDNET2018_LIMPIO/P/UP/095-185.jpg,P,0,1,0.8325024247169495,name 'cantidad' is not defined
7114-95.jpg,/workspace/SDNET2018_LIMPIO/W/UW/7114-95.jpg,W,0,1,0.7175887227058411,name 'cantidad' is not defined
036-82.jpg,/workspace/SDNET2018_LIMPIO/P/CP/036-82.jpg,P,1,1,0.9998317956924438,name 'cantidad' is not defined
058-76.jpg,/workspace/SDNET2018_LIMPIO/P/CP/058-76.jpg,P,1,1,0.5665930509567261,name 'cantidad' is not defined
7081-60.jpg,/workspace/SDNET2018_LIMPIO/W/UW/7081-60.jpg,W,0,1,0.6120923161506653,name 'cantidad' is not defined
030-195.jpg,/workspace/SDNET2018_LIMPIO/P/CP/030-195.jpg,P,1,1,0.6895943880081177,name 'cantidad' is not defined
7086-218.jpg,/workspace/SDNET2018_LIMPIO/W/CW/7086-218.jpg,W,1,1,0.9874228239059448,name 'cantidad' is not defined
024-176.jpg,/workspace/SDNET2018_LIMPIO/P/UP/024-176.jpg,P,0,1,0.8493239879608154,name 'cantidad' is not defined
7076-204.jpg,/workspace/SDNET2018_LIMPIO/W/CW/7076-204.jpg,W,1,1,0.9999929666519165,name 'cantidad' is not defined
7126-121.jpg,/workspace/SDNET2018_LIMPIO/W/UW/7126-121.jpg,W,0,1,0.8824571967124939,name 'cantidad' is not defined
7084-188.jpg,/workspace/SDNET2018_LIMPIO/W/UW/7084-188.jpg,W,0,1,0.7020238637924194,name 'cantidad' is not defined
7088-24.jpg,/workspace/SDNET2018_LIMPIO/W/UW/7088-24.jpg,W,0,1,0.6024695634841919,name 'cantidad' is not defined
7118-166.jpg,/workspace/SDNET2018_LIMPIO/W/UW/7118-166.jpg,W,0,1,0.6437814831733704,name 'cantidad' is not defined
7025-181.jpg,/workspace/SDNET2018_LIMPIO/D/UD/7025-181.jpg,D,0,1,0.5487417578697205,name 'cantidad' is not defined
7077-78.jpg,/workspace/SDNET2018_LIMPIO/W/CW/7077-78.jpg,W,1,1,0.6656085252761841,name 'cantidad' is not defined
075-141.jpg,/workspace/SDNET2018_LIMPIO/P/CP/075-141.jpg,P,1,1,0.9952688813209534,name 'cantidad' is not defined
7004-126.jpg,/workspace/SDNET2018_LIMPIO/D/CD/7004-126.jpg,D,1,1,0.8124792575836182,name 'cantidad' is not defined
7087-160.jpg,/workspace/SDNET2018_LIMPIO/W/CW/7087-160.jpg,W,1,1,0.9431256055831909,name 'cantidad' is not defined
7135-150.jpg,/workspace/SDNET2018_LIMPIO/W/CW/7135-150.jpg,W,1,1,0.9967082738876343,name 'cantidad' is not defined
7116-193.jpg,/workspace/SDNET2018_LIMPIO/W/CW/7116-193.jpg,W,1,1,0.8778920769691467,name 'cantidad' is not defined
094-157.jpg,/workspace/SDNET2018_LIMPIO/P/UP/094-157.jpg,P,0,1,0.6038579344749451,name 'cantidad' is not defined
7086-7.jpg,/workspace/SDNET2018_LIMPIO/W/UW/7086-7.jpg,W,0,1,0.692089855670929,name 'cantidad' is not defined
7126-98.jpg,/workspace/SDNET2018_LIMPIO/W/CW/7126-98.jpg,W,1,1,0.9999997615814209,name 'cantidad' is not defined
046-97.jpg,/workspace/SDNET2018_LIMPIO/P/CP/046-97.jpg,P,1,1,0.5908567309379578,name 'cantidad' is not defined
7080-111.jpg,/workspace/SDNET2018_LIMPIO/W/UW/7080-111.jpg,W,0,1,0.5409238934516907,name 'cantidad' is not defined
044-102.jpg,/workspace/SDNET2018_LIMPIO/P/CP/044-102.jpg,P,1,1,0.9593843221664429,name 'cantidad' is not defined
7054-151.jpg,/workspace/SDNET2018_LIMPIO/D/UD/7054-151.jpg,D,0,1,0.7580175995826721,name 'cantidad' is not defined
071-101.jpg,/workspace/SDNET2018_LIMPIO/P/CP/071-101.jpg,P,1,1,0.9999991655349731,name 'cantidad' is not defined
7090-78.jpg,/workspace/SDNET2018_LIMPIO/W/CW/7090-78.jpg,W,1,1,0.9965550899505615,name 'cantidad' is not defined
101-125.jpg,/workspace/SDNET2018_LIMPIO/P/CP/101-125.jpg,P,1,1,0.9490728378295898,name 'cantidad' is not defined
7094-95.jpg,/workspace/SDNET2018_LIMPIO/W/UW/7094-95.jpg,W,0,1,0.643426239490509,name 'cantidad' is not defined
7026-238.jpg,/workspace/SDNET2018_LIMPIO/D/CD/7026-238.jpg,D,1,1,0.9729308485984802,name 'cantidad' is not defined
104-135.jpg,/workspace/SDNET2018_LIMPIO/P/UP/104-135.jpg,P,0,1,0.7165303230285645,name 'cantidad' is not defined
7024-158.jpg,/workspace/SDNET2018_LIMPIO/D/UD/7024-158.jpg,D,0,1,0.8852342367172241,name 'cantidad' is not defined
7100-214.jpg,/workspace/SDNET2018_LIMPIO/W/UW/7100-214.jpg,W,0,1,0.5445089340209961,name 'cantidad' is not defined
7092-238.jpg,/workspace/SDNET2018_LIMPIO/W/CW/7092-238.jpg,W,1,1,0.6656318306922913,name 'cantidad' is not defined
025-28.jpg,/workspace/SDNET2018_LIMPIO/P/UP/025-28.jpg,P,0,1,0.5357181429862976,name 'cantidad' is not defined
7086-115.jpg,/workspace/SDNET2018_LIMPIO/W/CW/7086-115.jpg,W,1,1,0.9644683599472046,name 'cantidad' is not defined
088-66.jpg,/workspace/SDNET2018_LIMPIO/P/UP/088-66.jpg,P,0,1,0.5452468395233154,name 'cantidad' is not defined
7117-135.jpg,/workspace/SDNET2018_LIMPIO/W/CW/7117-135.jpg,W,1,1,0.9999949932098389,name 'cantidad' is not defined
7082-227.jpg,/workspace/SDNET2018_LIMPIO/W/CW/7082-227.jpg,W,1,1,1.0,name 'cantidad' is not defined
7071-131.jpg,/workspace/SDNET2018_LIMPIO/W/UW/7071-131.jpg,W,0,1,0.5098860859870911,name 'cantidad' is not defined
7106-188.jpg,/workspace/SDNET2018_LIMPIO/W/CW/7106-188.jpg,W,1,1,0.7935310006141663,name 'cantidad' is not defined
7044-160.jpg,/workspace/SDNET2018_LIMPIO/D/UD/7044-160.jpg,D,0,1,0.5986182689666748,name 'cantidad' is not defined
7086-153.jpg,/workspace/SDNET2018_LIMPIO/W/CW/7086-153.jpg,W,1,1,0.9996418952941895,name 'cantidad' is not defined
014-143.jpg,/workspace/SDNET2018_LIMPIO/P/CP/014-143.jpg,P,1,1,0.7105411291122437,name 'cantidad' is not defined
099-113.jpg,/workspace/SDNET2018_LIMPIO/P/CP/099-113.jpg,P,1,1,0.75190669298172,name 'cantidad' is not defined
101-11.jpg,/workspace/SDNET2018_LIMPIO/P/CP/101-11.jpg,P,1,1,0.7609136700630188,name 'cantidad' is not defined
7075-121.jpg,/workspace/SDNET2018_LIMPIO/W/CW/7075-121.jpg,W,1,1,1.0,name 'cantidad' is not defined
102-114.jpg,/workspace/SDNET2018_LIMPIO/P/CP/102-114.jpg,P,1,1,0.9972422122955322,name 'cantidad' is not defined
7135-116.jpg,/workspace/SDNET2018_LIMPIO/W/CW/7135-116.jpg,W,1,1,0.9999939203262329,name 'cantidad' is not defined
7083-40.jpg,/workspace/SDNET2018_LIMPIO/W/UW/7083-40.jpg,W,0,1,0.7307114005088806,name 'cantidad' is not defined
044-207.jpg,/workspace/SDNET2018_LIMPIO/P/UP/044-207.jpg,P,0,1,0.5858669281005859,name 'cantidad' is not defined
016-95.jpg,/workspace/SDNET2018_LIMPIO/P/UP/016-95.jpg,P,0,1,0.9690000414848328,name 'cantidad' is not defined
086-149.jpg,/workspace/SDNET2018_LIMPIO/P/UP/086-149.jpg,P,0,1,0.9815457463264465,name 'cantidad' is not defined
7124-44.jpg,/workspace/SDNET2018_LIMPIO/W/CW/7124-44.jpg,W,1,1,0.7813407778739929,name 'cantidad' is not defined
7131-207.jpg,/workspace/SDNET2018_LIMPIO/W/UW/7131-207.jpg,W,0,1,0.54547119140625,name 'cantidad' is not defined
7012-79.jpg,/workspace/SDNET2018_LIMPIO/D/UD/7012-79.jpg,D,0,1,0.5990747809410095,name 'cantidad' is not defined
7103-11.jpg,/workspace/SDNET2018_LIMPIO/W/CW/7103-11.jpg,W,1,1,0.6739504933357239,name 'cantidad' is not defined
7022-236.jpg,/workspace/SDNET2018_LIMPIO/D/CD/7022-236.jpg,D,1,1,0.9985047578811646,name 'cantidad' is not defined
044-130.jpg,/workspace/SDNET2018_LIMPIO/P/CP/044-130.jpg,P,1,1,0.6040652990341187,name 'cantidad' is not defined
080-133.jpg,/workspace/SDNET2018_LIMPIO/P/CP/080-133.jpg,P,1,1,0.9999995231628418,name 'cantidad' is not defined
7140-167.jpg,/workspace/SDNET2018_LIMPIO/W/CW/7140-167.jpg,W,1,1,0.9763604998588562,name 'cantidad' is not defined
7133-32.jpg,/workspace/SDNET2018_LIMPIO/W/UW/7133-32.jpg,W,0,1,0.5009497404098511,name 'cantidad' is not defined
064-183.jpg,/workspace/SDNET2018_LIMPIO/P/UP/064-183.jpg,P,0,1,0.5034072995185852,name 'cantidad' is not defined
058-204.jpg,/workspace/SDNET2018_LIMPIO/P/UP/058-204.jpg,P,0,1,0.8618787527084351,name 'cantidad' is not defined
7078-50.jpg,/workspace/SDNET2018_LIMPIO/W/UW/7078-50.jpg,W,0,1,0.8402913212776184,name 'cantidad' is not defined
7084-62.jpg,/workspace/SDNET2018_LIMPIO/W/CW/7084-62.jpg,W,1,1,1.0,name 'cantidad' is not defined
7092-69.jpg,/workspace/SDNET2018_LIMPIO/W/CW/7092-69.jpg,W,1,1,0.958939790725708,name 'cantidad' is not defined
7116-117.jpg,/workspace/SDNET2018_LIMPIO/W/CW/7116-117.jpg,W,1,1,0.5097255706787109,name 'cantidad' is not defined
004-117.jpg,/workspace/SDNET2018_LIMPIO/P/CP/004-117.jpg,P,1,1,0.9993821382522583,name 'cantidad' is not defined
7087-123.jpg,/workspace/SDNET2018_LIMPIO/W/CW/7087-123.jpg,W,1,1,0.9883120656013489,name 'cantidad' is not defined
098-63.jpg,/workspace/SDNET2018_LIMPIO/P/UP/098-63.jpg,P,0,1,0.542397141456604,name 'cantidad' is not defined
7014-40.jpg,/workspace/SDNET2018_LIMPIO/D/UD/7014-40.jpg,D,0,1,0.6994224190711975,name 'cantidad' is not defined
7015-229.jpg,/workspace/SDNET2018_LIMPIO/D/CD/7015-229.jpg,D,1,1,0.9996339082717896,name 'cantidad' is not defined
7008-159.jpg,/workspace/SDNET2018_LIMPIO/D/UD/7008-159.jpg,D,0,1,0.5209528207778931,name 'cantidad' is not defined
7078-97.jpg,/workspace/SDNET2018_LIMPIO/W/CW/7078-97.jpg,W,1,1,0.7882784008979797,name 'cantidad' is not defined
7118-30.jpg,/workspace/SDNET2018_LIMPIO/W/UW/7118-30.jpg,W,0,1,0.727550208568573,name 'cantidad' is not defined
005-95.jpg,/workspace/SDNET2018_LIMPIO/P/UP/005-95.jpg,P,0,1,0.574266254901886,name 'cantidad' is not defined
7084-176.jpg,/workspace/SDNET2018_LIMPIO/W/UW/7084-176.jpg,W,0,1,0.6919829845428467,name 'cantidad' is not defined
009-20.jpg,/workspace/SDNET2018_LIMPIO/P/CP/009-20.jpg,P,1,1,0.9397527575492859,name 'cantidad' is not defined
7013-142.jpg,/workspace/SDNET2018_LIMPIO/D/UD/7013-142.jpg,D,0,1,0.5397202372550964,name 'cantidad' is not defined
7009-92.jpg,/workspace/SDNET2018_LIMPIO/D/CD/7009-92.jpg,D,1,1,0.9946519136428833,name 'cantidad' is not defined
7075-112.jpg,/workspace/SDNET2018_LIMPIO/W/UW/7075-112.jpg,W,0,1,0.5339902639389038,name 'cantidad' is not defined
7012-137.jpg,/workspace/SDNET2018_LIMPIO/D/CD/7012-137.jpg,D,1,1,0.9997301697731018,name 'cantidad' is not defined
007-99.jpg,/workspace/SDNET2018_LIMPIO/P/CP/007-99.jpg,P,1,1,0.6250888109207153,name 'cantidad' is not defined
7100-12.jpg,/workspace/SDNET2018_LIMPIO/W/CW/7100-12.jpg,W,1,1,0.957983672618866,name 'cantidad' is not defined
041-203.jpg,/workspace/SDNET2018_LIMPIO/P/UP/041-203.jpg,P,0,1,0.7113286852836609,name 'cantidad' is not defined
039-142.jpg,/workspace/SDNET2018_LIMPIO/P/UP/039-142.jpg,P,0,1,0.6657657027244568,name 'cantidad' is not defined
072-104.jpg,/workspace/SDNET2018_LIMPIO/P/CP/072-104.jpg,P,1,1,0.9999963045120239,name 'cantidad' is not defined
036-25.jpg,/workspace/SDNET2018_LIMPIO/P/UP/036-25.jpg,P,0,1,0.5318675637245178,name 'cantidad' is not defined
7003-229.jpg,/workspace/SDNET2018_LIMPIO/D/CD/7003-229.jpg,D,1,1,0.5271027088165283,name 'cantidad' is not defined
036-56.jpg,/workspace/SDNET2018_LIMPIO/P/CP/036-56.jpg,P,1,1,0.7482394576072693,name 'cantidad' is not defined
075-119.jpg,/workspace/SDNET2018_LIMPIO/P/CP/075-119.jpg,P,1,1,0.9999984502792358,name 'cantidad' is not defined
044-79.jpg,/workspace/SDNET2018_LIMPIO/P/CP/044-79.jpg,P,1,1,0.9916943907737732,name 'cantidad' is not defined
027-60_2.jpg,/workspace/SDNET2018_LIMPIO/P/CP/027-60_2.jpg,P,1,1,0.9999977350234985,name 'cantidad' is not defined
7085-187.jpg,/workspace/SDNET2018_LIMPIO/W/CW/7085-187.jpg,W,1,1,0.9965856075286865,name 'cantidad' is not defined
7131-49.jpg,/workspace/SDNET2018_LIMPIO/W/CW/7131-49.jpg,W,1,1,0.9500682950019836,name 'cantidad' is not defined
7026-131.jpg,/workspace/SDNET2018_LIMPIO/D/UD/7026-131.jpg,D,0,1,0.8842405676841736,name 'cantidad' is not defined
102-141.jpg,/workspace/SDNET2018_LIMPIO/P/CP/102-141.jpg,P,1,1,0.9882146120071411,name 'cantidad' is not defined
045-63.jpg,/workspace/SDNET2018_LIMPIO/P/CP/045-63.jpg,P,1,1,0.9950630068778992,name 'cantidad' is not defined
7070-185.jpg,/workspace/SDNET2018_LIMPIO/W/UW/7070-185.jpg,W,0,1,0.6120290160179138,name 'cantidad' is not defined
086-48.jpg,/workspace/SDNET2018_LIMPIO/P/CP/086-48.jpg,P,1,1,0.9998868703842163,name 'cantidad' is not defined
7124-138.jpg,/workspace/SDNET2018_LIMPIO/W/UW/7124-138.jpg,W,0,1,0.640673041343689,name 'cantidad' is not defined
048-122.jpg,/workspace/SDNET2018_LIMPIO/P/CP/048-122.jpg,P,1,1,0.9295438528060913,name 'cantidad' is not defined
095-40.jpg,/workspace/SDNET2018_LIMPIO/P/UP/095-40.jpg,P,0,1,0.6299625635147095,name 'cantidad' is not defined
7009-222.jpg,/workspace/SDNET2018_LIMPIO/D/UD/7009-222.jpg,D,0,1,0.6753165125846863,name 'cantidad' is not defined
7021-26.jpg,/workspace/SDNET2018_LIMPIO/D/CD/7021-26.jpg,D,1,1,0.9999977350234985,name 'cantidad' is not defined
7087-117.jpg,/workspace/SDNET2018_LIMPIO/W/UW/7087-117.jpg,W,0,1,0.7784829139709473,name 'cantidad' is not defined
089-24.jpg,/workspace/SDNET2018_LIMPIO/P/UP/089-24.jpg,P,0,1,0.9974978566169739,name 'cantidad' is not defined
7079-67.jpg,/workspace/SDNET2018_LIMPIO/W/UW/7079-67.jpg,W,0,1,0.6155496835708618,name 'cantidad' is not defined
7100-230.jpg,/workspace/SDNET2018_LIMPIO/W/CW/7100-230.jpg,W,1,1,0.7538889646530151,name 'cantidad' is not defined
7069-190.jpg,/workspace/SDNET2018_LIMPIO/W/CW/7069-190.jpg,W,1,1,0.9336045980453491,name 'cantidad' is not defined
039-92.jpg,/workspace/SDNET2018_LIMPIO/P/UP/039-92.jpg,P,0,1,0.5614089369773865,name 'cantidad' is not defined
7043-132.jpg,/workspace/SDNET2018_LIMPIO/D/UD/7043-132.jpg,D,0,1,0.84784996509552,name 'cantidad' is not defined
7038-149.jpg,/workspace/SDNET2018_LIMPIO/D/CD/7038-149.jpg,D,1,1,0.6770225167274475,name 'cantidad' is not defined
7085-132.jpg,/workspace/SDNET2018_LIMPIO/W/CW/7085-132.jpg,W,1,1,0.6926156878471375,name 'cantidad' is not defined
7069-46.jpg,/workspace/SDNET2018_LIMPIO/W/CW/7069-46.jpg,W,1,1,0.9979289770126343,name 'cantidad' is not defined
092-74.jpg,/workspace/SDNET2018_LIMPIO/P/CP/092-74.jpg,P,1,1,0.9979682564735413,name 'cantidad' is not defined
7080-164.jpg,/workspace/SDNET2018_LIMPIO/W/UW/7080-164.jpg,W,0,1,0.6430780291557312,name 'cantidad' is not defined
7083-58.jpg,/workspace/SDNET2018_LIMPIO/W/UW/7083-58.jpg,W,0,1,0.6386989951133728,name 'cantidad' is not defined
7139-219.jpg,/workspace/SDNET2018_LIMPIO/W/CW/7139-219.jpg,W,1,1,0.9999935626983643,name 'cantidad' is not defined
096-168.jpg,/workspace/SDNET2018_LIMPIO/P/UP/096-168.jpg,P,0,1,0.6142013072967529,name 'cantidad' is not defined
7103-31.jpg,/workspace/SDNET2018_LIMPIO/W/UW/7103-31.jpg,W,0,1,0.7726504802703857,name 'cantidad' is not defined
7118-178.jpg,/workspace/SDNET2018_LIMPIO/W/UW/7118-178.jpg,W,0,1,0.5736146569252014,name 'cantidad' is not defined
095-228.jpg,/workspace/SDNET2018_LIMPIO/P/CP/095-228.jpg,P,1,1,0.6955164670944214,name 'cantidad' is not defined
006-168.jpg,/workspace/SDNET2018_LIMPIO/P/CP/006-168.jpg,P,1,1,0.6487858891487122,name 'cantidad' is not defined
7069-44.jpg,/workspace/SDNET2018_LIMPIO/W/CW/7069-44.jpg,W,1,1,0.9934116005897522,name 'cantidad' is not defined
7005-139.jpg,/workspace/SDNET2018_LIMPIO/D/CD/7005-139.jpg,D,1,1,0.8331328630447388,name 'cantidad' is not defined
077-87.jpg,/workspace/SDNET2018_LIMPIO/P/CP/077-87.jpg,P,1,1,0.8742315769195557,name 'cantidad' is not defined
092-188.jpg,/workspace/SDNET2018_LIMPIO/P/UP/092-188.jpg,P,0,1,0.5034504532814026,name 'cantidad' is not defined
7085-169.jpg,/workspace/SDNET2018_LIMPIO/W/CW/7085-169.jpg,W,1,1,0.8401661515235901,name 'cantidad' is not defined
018-97.jpg,/workspace/SDNET2018_LIMPIO/P/CP/018-97.jpg,P,1,1,0.9996435642242432,name 'cantidad' is not defined
7083-33.jpg,/workspace/SDNET2018_LIMPIO/W/UW/7083-33.jpg,W,0,1,0.9410650730133057,name 'cantidad' is not defined
7087-42.jpg,/workspace/SDNET2018_LIMPIO/W/CW/7087-42.jpg,W,1,1,0.9765366315841675,name 'cantidad' is not defined
056-76.jpg,/workspace/SDNET2018_LIMPIO/P/CP/056-76.jpg,P,1,1,0.5434535145759583,name 'cantidad' is not defined
089-107.jpg,/workspace/SDNET2018_LIMPIO/P/UP/089-107.jpg,P,0,1,0.8058969378471375,name 'cantidad' is not defined
096-171.jpg,/workspace/SDNET2018_LIMPIO/P/UP/096-171.jpg,P,0,1,0.886542797088623,name 'cantidad' is not defined
104-178.jpg,/workspace/SDNET2018_LIMPIO/P/UP/104-178.jpg,P,0,1,0.6361475586891174,name 'cantidad' is not defined
065-90.jpg,/workspace/SDNET2018_LIMPIO/P/CP/065-90.jpg,P,1,1,0.9993664622306824,name 'cantidad' is not defined
7086-251.jpg,/workspace/SDNET2018_LIMPIO/W/CW/7086-251.jpg,W,1,1,0.7330759763717651,name 'cantidad' is not defined
7087-78.jpg,/workspace/SDNET2018_LIMPIO/W/CW/7087-78.jpg,W,1,1,0.9999991655349731,name 'cantidad' is not defined
7122-10.jpg,/workspace/SDNET2018_LIMPIO/W/CW/7122-10.jpg,W,1,1,0.9329935908317566,name 'cantidad' is not defined
7008-85.jpg,/workspace/SDNET2018_LIMPIO/D/CD/7008-85.jpg,D,1,1,0.5694169402122498,name 'cantidad' is not defined
7086-38.jpg,/workspace/SDNET2018_LIMPIO/W/UW/7086-38.jpg,W,0,1,0.5056850910186768,name 'cantidad' is not defined
014-19.jpg,/workspace/SDNET2018_LIMPIO/P/CP/014-19.jpg,P,1,1,0.7102339863777161,name 'cantidad' is not defined
062-102.jpg,/workspace/SDNET2018_LIMPIO/P/CP/062-102.jpg,P,1,1,0.9273711442947388,name 'cantidad' is not defined
7022-160.jpg,/workspace/SDNET2018_LIMPIO/D/UD/7022-160.jpg,D,0,1,0.5750044584274292,name 'cantidad' is not defined
028-75.jpg,/workspace/SDNET2018_LIMPIO/P/CP/028-75.jpg,P,1,1,0.990269660949707,name 'cantidad' is not defined
060-155.jpg,/workspace/SDNET2018_LIMPIO/P/UP/060-155.jpg,P,0,1,0.8354600667953491,name 'cantidad' is not defined
7092-31.jpg,/workspace/SDNET2018_LIMPIO/W/UW/7092-31.jpg,W,0,1,0.5301787257194519,name 'cantidad' is not defined
7007-75.jpg,/workspace/SDNET2018_LIMPIO/D/UD/7007-75.jpg,D,0,1,0.5638696551322937,name 'cantidad' is not defined
7079-166.jpg,/workspace/SDNET2018_LIMPIO/W/UW/7079-166.jpg,W,0,1,0.89189612865448,name 'cantidad' is not defined
7124-166.jpg,/workspace/SDNET2018_LIMPIO/W/CW/7124-166.jpg,W,1,1,0.8919044733047485,name 'cantidad' is not defined
7089-27.jpg,/workspace/SDNET2018_LIMPIO/W/CW/7089-27.jpg,W,1,1,0.8039584755897522,name 'cantidad' is not defined
061-131.jpg,/workspace/SDNET2018_LIMPIO/P/UP/061-131.jpg,P,0,1,0.815010666847229,name 'cantidad' is not defined
078-103.jpg,/workspace/SDNET2018_LIMPIO/P/CP/078-103.jpg,P,1,1,0.9999945163726807,name 'cantidad' is not defined
7107-137.jpg,/workspace/SDNET2018_LIMPIO/W/UW/7107-137.jpg,W,0,1,0.700059175491333,name 'cantidad' is not defined
7083-103.jpg,/workspace/SDNET2018_LIMPIO/W/UW/7083-103.jpg,W,0,1,0.9113366603851318,name 'cantidad' is not defined
7087-28.jpg,/workspace/SDNET2018_LIMPIO/W/CW/7087-28.jpg,W,1,1,0.9999452829360962,name 'cantidad' is not defined
036-84.jpg,/workspace/SDNET2018_LIMPIO/P/CP/036-84.jpg,P,1,1,0.9994363188743591,name 'cantidad' is not defined
038-47.jpg,/workspace/SDNET2018_LIMPIO/P/UP/038-47.jpg,P,0,1,0.7378574013710022,name 'cantidad' is not defined
7078-3.jpg,/workspace/SDNET2018_LIMPIO/W/CW/7078-3.jpg,W,1,1,0.6834659576416016,name 'cantidad' is not defined
7105-44.jpg,/workspace/SDNET2018_LIMPIO/W/UW/7105-44.jpg,W,0,1,0.5368339419364929,name 'cantidad' is not defined
7048-134.jpg,/workspace/SDNET2018_LIMPIO/D/CD/7048-134.jpg,D,1,1,0.5574087500572205,name 'cantidad' is not defined
024-173.jpg,/workspace/SDNET2018_LIMPIO/P/UP/024-173.jpg,P,0,1,0.7768586277961731,name 'cantidad' is not defined
7044-24.jpg,/workspace/SDNET2018_LIMPIO/D/UD/7044-24.jpg,D,0,1,0.5739380717277527,name 'cantidad' is not defined
073-42.jpg,/workspace/SDNET2018_LIMPIO/P/CP/073-42.jpg,P,1,1,0.9469615817070007,name 'cantidad' is not defined
008-181.jpg,/workspace/SDNET2018_LIMPIO/P/UP/008-181.jpg,P,0,1,0.674506664276123,name 'cantidad' is not defined
7078-171.jpg,/workspace/SDNET2018_LIMPIO/W/CW/7078-171.jpg,W,1,1,0.6391770839691162,name 'cantidad' is not defined
7025-221.jpg,/workspace/SDNET2018_LIMPIO/D/UD/7025-221.jpg,D,0,1,0.5152595639228821,name 'cantidad' is not defined
7124-182.jpg,/workspace/SDNET2018_LIMPIO/W/CW/7124-182.jpg,W,1,1,0.6188040375709534,name 'cantidad' is not defined
094-70.jpg,/workspace/SDNET2018_LIMPIO/P/UP/094-70.jpg,P,0,1,0.7339708805084229,name 'cantidad' is not defined
076-112.jpg,/workspace/SDNET2018_LIMPIO/P/CP/076-112.jpg,P,1,1,0.9999381303787231,name 'cantidad' is not defined
7029-208.jpg,/workspace/SDNET2018_LIMPIO/D/CD/7029-208.jpg,D,1,1,0.999907374382019,name 'cantidad' is not defined
7080-144.jpg,/workspace/SDNET2018_LIMPIO/W/UW/7080-144.jpg,W,0,1,0.5504814386367798,name 'cantidad' is not defined
7052-106.jpg,/workspace/SDNET2018_LIMPIO/D/UD/7052-106.jpg,D,0,1,0.6548148393630981,name 'cantidad' is not defined
051-65.jpg,/workspace/SDNET2018_LIMPIO/P/CP/051-65.jpg,P,1,1,0.9998694658279419,name 'cantidad' is not defined
079-124.jpg,/workspace/SDNET2018_LIMPIO/P/CP/079-124.jpg,P,1,1,0.9716373682022095,name 'cantidad' is not defined
7089-184.jpg,/workspace/SDNET2018_LIMPIO/W/UW/7089-184.jpg,W,0,1,0.8035697340965271,name 'cantidad' is not defined
7111-58.jpg,/workspace/SDNET2018_LIMPIO/W/CW/7111-58.jpg,W,1,1,0.9999971389770508,name 'cantidad' is not defined
7078-76.jpg,/workspace/SDNET2018_LIMPIO/W/UW/7078-76.jpg,W,0,1,0.5696584582328796,name 'cantidad' is not defined
081-178.jpg,/workspace/SDNET2018_LIMPIO/P/CP/081-178.jpg,P,1,1,0.9999969005584717,name 'cantidad' is not defined
7076-153.jpg,/workspace/SDNET2018_LIMPIO/W/CW/7076-153.jpg,W,1,1,0.9989570379257202,name 'cantidad' is not defined
7047-189.jpg,/workspace/SDNET2018_LIMPIO/D/UD/7047-189.jpg,D,0,1,0.585548460483551,name 'cantidad' is not defined
084-134.jpg,/workspace/SDNET2018_LIMPIO/P/UP/084-134.jpg,P,0,1,0.6619990468025208,name 'cantidad' is not defined
019-132.jpg,/workspace/SDNET2018_LIMPIO/P/CP/019-132.jpg,P,1,1,1.0,name 'cantidad' is not defined
7020-7.jpg,/workspace/SDNET2018_LIMPIO/D/CD/7020-7.jpg,D,1,1,0.9999145269393921,name 'cantidad' is not defined
076-99.jpg,/workspace/SDNET2018_LIMPIO/P/CP/076-99.jpg,P,1,1,0.9999043941497803,name 'cantidad' is not defined
7090-45.jpg,/workspace/SDNET2018_LIMPIO/W/UW/7090-45.jpg,W,0,1,0.8390925526618958,name 'cantidad' is not defined
7034-98.jpg,/workspace/SDNET2018_LIMPIO/D/UD/7034-98.jpg,D,0,1,0.558277428150177,name 'cantidad' is not defined
102-139.jpg,/workspace/SDNET2018_LIMPIO/P/CP/102-139.jpg,P,1,1,0.997612476348877,name 'cantidad' is not defined
086-95.jpg,/workspace/SDNET2018_LIMPIO/P/CP/086-95.jpg,P,1,1,0.999998927116394,name 'cantidad' is not defined
7124-154.jpg,/workspace/SDNET2018_LIMPIO/W/UW/7124-154.jpg,W,0,1,0.6677203178405762,name 'cantidad' is not defined
086-127.jpg,/workspace/SDNET2018_LIMPIO/P/CP/086-127.jpg,P,1,1,0.9992160797119141,name 'cantidad' is not defined
020-186.jpg,/workspace/SDNET2018_LIMPIO/P/CP/020-186.jpg,P,1,1,0.9970077872276306,name 'cantidad' is not defined
7048-251.jpg,/workspace/SDNET2018_LIMPIO/D/CD/7048-251.jpg,D,1,1,0.9999452829360962,name 'cantidad' is not defined
